"TimeUTC","timestampInMs","requestPath","requestMethod","requestQueryString","responseStatusCode","requestId","requestUserAgent","level","environment","branch","vercelCache","type","function","host","deploymentDomain","deploymentId","durationMs","region","maxMemoryUsed","memorySize","message","projectId","traceId","sessionId","invocationId","instanceId","concurrency"
"2025-08-26 21:21:07",1756243267300,"proofofputt-backend.vercel.app/login","POST","",-1,"tn5fl-1756243266984-5ac8f8636574","Mozilla/5.0 (Macintosh; Intel Mac OS X 10_15_7) AppleWebKit/537.36 (KHTML, like Gecko) Chrome/139.0.0.0 Safari/537.36","info","production","main","","lambda","/api.py","proofofputt-backend.vercel.app","proofofputt-backend.vercel.app","dpl_2u2xnW38eyzzk5xaJRwpYD32hofE",-1,"iad1",-1,-1,"127.0.0.1 - - [26/Aug/2025 21:21:07] ""POST /login HTTP/1.1"" 500 -","prj_vzDqzUy8vbtGgTYmqMKjOWC9LLFD","","","01K3M433DDY7ZFHM5MR251YNAJ","",-1
"2025-08-26 21:21:07",1756243267300,"proofofputt-backend.vercel.app/login","POST","",-1,"tn5fl-1756243266984-5ac8f8636574","Mozilla/5.0 (Macintosh; Intel Mac OS X 10_15_7) AppleWebKit/537.36 (KHTML, like Gecko) Chrome/139.0.0.0 Safari/537.36","error","production","main","","lambda","/api.py","proofofputt-backend.vercel.app","proofofputt-backend.vercel.app","dpl_2u2xnW38eyzzk5xaJRwpYD32hofE",-1,"iad1",-1,-1,"ERROR:api:Login failed: name '_create_daily_ai_chat_if_needed' is not defined","prj_vzDqzUy8vbtGgTYmqMKjOWC9LLFD","","","01K3M433DDY7ZFHM5MR251YNAJ","",-1
"2025-08-26 21:21:07",1756243267300,"proofofputt-backend.vercel.app/login","POST","",-1,"tn5fl-1756243266984-5ac8f8636574","Mozilla/5.0 (Macintosh; Intel Mac OS X 10_15_7) AppleWebKit/537.36 (KHTML, like Gecko) Chrome/139.0.0.0 Safari/537.36","info","production","main","","lambda","/api.py","proofofputt-backend.vercel.app","proofofputt-backend.vercel.app","dpl_2u2xnW38eyzzk5xaJRwpYD32hofE",-1,"iad1",-1,-1,"NameError: name '_create_daily_ai_chat_if_needed' is not defined","prj_vzDqzUy8vbtGgTYmqMKjOWC9LLFD","","","01K3M433DDY7ZFHM5MR251YNAJ","",-1
"2025-08-26 21:21:07",1756243267300,"proofofputt-backend.vercel.app/login","POST","",-1,"tn5fl-1756243266984-5ac8f8636574","Mozilla/5.0 (Macintosh; Intel Mac OS X 10_15_7) AppleWebKit/537.36 (KHTML, like Gecko) Chrome/139.0.0.0 Safari/537.36","info","production","main","","lambda","/api.py","proofofputt-backend.vercel.app","proofofputt-backend.vercel.app","dpl_2u2xnW38eyzzk5xaJRwpYD32hofE",-1,"iad1",-1,-1,"File ""/var/task/api.py"", line 75, in login
    thread = threading.Thread(target=_create_daily_ai_chat_if_needed, args=(player_id,))
                                     ^^^^^^^^^^^^^^^^^^^^^^^^^^^^^^^","prj_vzDqzUy8vbtGgTYmqMKjOWC9LLFD","","","01K3M433DDY7ZFHM5MR251YNAJ","",-1
"2025-08-26 21:21:07",1756243267300,"proofofputt-backend.vercel.app/login","POST","",-1,"tn5fl-1756243266984-5ac8f8636574","Mozilla/5.0 (Macintosh; Intel Mac OS X 10_15_7) AppleWebKit/537.36 (KHTML, like Gecko) Chrome/139.0.0.0 Safari/537.36","info","production","main","","lambda","/api.py","proofofputt-backend.vercel.app","proofofputt-backend.vercel.app","dpl_2u2xnW38eyzzk5xaJRwpYD32hofE",-1,"iad1",-1,-1,"Traceback (most recent call last):","prj_vzDqzUy8vbtGgTYmqMKjOWC9LLFD","","","01K3M433DDY7ZFHM5MR251YNAJ","",-1
"2025-08-26 21:21:06",1756243266989,"proofofputt-backend.vercel.app/login","POST","",500,"tn5fl-1756243266984-5ac8f8636574","Mozilla/5.0 (Macintosh; Intel Mac OS X 10_15_7) AppleWebKit/537.36 (KHTML, like Gecko) Chrome/139.0.0.0 Safari/537.36","error","production","main","","lambda","/api.py","proofofputt-backend.vercel.app","proofofputt-backend.vercel.app","dpl_2u2xnW38eyzzk5xaJRwpYD32hofE",300,"iad1",172,2048,"","prj_vzDqzUy8vbtGgTYmqMKjOWC9LLFD","","","01K3M433DDY7ZFHM5MR251YNAJ","1bt3JjbZVmP8",1
"2025-08-26 21:21:06",1756243266940,"proofofputt-backend.vercel.app/login","OPTIONS","",-1,"c76k6-1756243266909-3afaa678ff67","Mozilla/5.0 (Macintosh; Intel Mac OS X 10_15_7) AppleWebKit/537.36 (KHTML, like Gecko) Chrome/139.0.0.0 Safari/537.36","info","production","main","","lambda","/api.py","proofofputt-backend.vercel.app","proofofputt-backend.vercel.app","dpl_2u2xnW38eyzzk5xaJRwpYD32hofE",-1,"iad1",-1,-1,"127.0.0.1 - - [26/Aug/2025 21:21:06] ""OPTIONS /login HTTP/1.1"" 200 -","prj_vzDqzUy8vbtGgTYmqMKjOWC9LLFD","","","01K3M433B8P6ZRBCCFKMPAM262","",-1
"2025-08-26 21:21:06",1756243266920,"proofofputt-backend.vercel.app/login","OPTIONS","",200,"c76k6-1756243266909-3afaa678ff67","Mozilla/5.0 (Macintosh; Intel Mac OS X 10_15_7) AppleWebKit/537.36 (KHTML, like Gecko) Chrome/139.0.0.0 Safari/537.36","info","production","main","","lambda","/api.py","proofofputt-backend.vercel.app","proofofputt-backend.vercel.app","dpl_2u2xnW38eyzzk5xaJRwpYD32hofE",4,"iad1",172,2048,"","prj_vzDqzUy8vbtGgTYmqMKjOWC9LLFD","","","01K3M433B8P6ZRBCCFKMPAM262","1bt3JjbZVmP8",1
"2025-08-26 21:20:44",1756243244668,"proofofputt-backend.vercel.app/login","POST","",-1,"p5lgw-1756243244286-ac0ecb24d5b6","Mozilla/5.0 (Macintosh; Intel Mac OS X 10_15_7) AppleWebKit/537.36 (KHTML, like Gecko) Chrome/139.0.0.0 Safari/537.36","info","production","main","","lambda","/api.py","proofofputt-backend.vercel.app","proofofputt-backend.vercel.app","dpl_2u2xnW38eyzzk5xaJRwpYD32hofE",-1,"iad1",-1,-1,"127.0.0.1 - - [26/Aug/2025 21:20:44] ""POST /login HTTP/1.1"" 500 -","prj_vzDqzUy8vbtGgTYmqMKjOWC9LLFD","","","01K3M42D9TSEYTT9Q07M45FM76","",-1
"2025-08-26 21:20:44",1756243244668,"proofofputt-backend.vercel.app/login","POST","",-1,"p5lgw-1756243244286-ac0ecb24d5b6","Mozilla/5.0 (Macintosh; Intel Mac OS X 10_15_7) AppleWebKit/537.36 (KHTML, like Gecko) Chrome/139.0.0.0 Safari/537.36","error","production","main","","lambda","/api.py","proofofputt-backend.vercel.app","proofofputt-backend.vercel.app","dpl_2u2xnW38eyzzk5xaJRwpYD32hofE",-1,"iad1",-1,-1,"ERROR:api:Login failed: name '_create_daily_ai_chat_if_needed' is not defined","prj_vzDqzUy8vbtGgTYmqMKjOWC9LLFD","","","01K3M42D9TSEYTT9Q07M45FM76","",-1
"2025-08-26 21:20:44",1756243244668,"proofofputt-backend.vercel.app/login","POST","",-1,"p5lgw-1756243244286-ac0ecb24d5b6","Mozilla/5.0 (Macintosh; Intel Mac OS X 10_15_7) AppleWebKit/537.36 (KHTML, like Gecko) Chrome/139.0.0.0 Safari/537.36","info","production","main","","lambda","/api.py","proofofputt-backend.vercel.app","proofofputt-backend.vercel.app","dpl_2u2xnW38eyzzk5xaJRwpYD32hofE",-1,"iad1",-1,-1,"NameError: name '_create_daily_ai_chat_if_needed' is not defined","prj_vzDqzUy8vbtGgTYmqMKjOWC9LLFD","","","01K3M42D9TSEYTT9Q07M45FM76","",-1
"2025-08-26 21:20:44",1756243244668,"proofofputt-backend.vercel.app/login","POST","",-1,"p5lgw-1756243244286-ac0ecb24d5b6","Mozilla/5.0 (Macintosh; Intel Mac OS X 10_15_7) AppleWebKit/537.36 (KHTML, like Gecko) Chrome/139.0.0.0 Safari/537.36","info","production","main","","lambda","/api.py","proofofputt-backend.vercel.app","proofofputt-backend.vercel.app","dpl_2u2xnW38eyzzk5xaJRwpYD32hofE",-1,"iad1",-1,-1,"File ""/var/task/api.py"", line 75, in login
    thread = threading.Thread(target=_create_daily_ai_chat_if_needed, args=(player_id,))
                                     ^^^^^^^^^^^^^^^^^^^^^^^^^^^^^^^","prj_vzDqzUy8vbtGgTYmqMKjOWC9LLFD","","","01K3M42D9TSEYTT9Q07M45FM76","",-1
"2025-08-26 21:20:44",1756243244668,"proofofputt-backend.vercel.app/login","POST","",-1,"p5lgw-1756243244286-ac0ecb24d5b6","Mozilla/5.0 (Macintosh; Intel Mac OS X 10_15_7) AppleWebKit/537.36 (KHTML, like Gecko) Chrome/139.0.0.0 Safari/537.36","info","production","main","","lambda","/api.py","proofofputt-backend.vercel.app","proofofputt-backend.vercel.app","dpl_2u2xnW38eyzzk5xaJRwpYD32hofE",-1,"iad1",-1,-1,"Traceback (most recent call last):","prj_vzDqzUy8vbtGgTYmqMKjOWC9LLFD","","","01K3M42D9TSEYTT9Q07M45FM76","",-1
"2025-08-26 21:20:44",1756243244346,"proofofputt-backend.vercel.app/login","POST","",500,"p5lgw-1756243244286-ac0ecb24d5b6","Mozilla/5.0 (Macintosh; Intel Mac OS X 10_15_7) AppleWebKit/537.36 (KHTML, like Gecko) Chrome/139.0.0.0 Safari/537.36","error","production","main","","lambda","/api.py","proofofputt-backend.vercel.app","proofofputt-backend.vercel.app","dpl_2u2xnW38eyzzk5xaJRwpYD32hofE",303,"iad1",172,2048,"","prj_vzDqzUy8vbtGgTYmqMKjOWC9LLFD","","","01K3M42D9TSEYTT9Q07M45FM76","1bt3JjbZVmP8",1
"2025-08-26 21:20:44",1756243244243,"proofofputt-backend.vercel.app/login","OPTIONS","",-1,"j6x4b-1756243244209-6bd7a635b7d5","Mozilla/5.0 (Macintosh; Intel Mac OS X 10_15_7) AppleWebKit/537.36 (KHTML, like Gecko) Chrome/139.0.0.0 Safari/537.36","info","production","main","","lambda","/api.py","proofofputt-backend.vercel.app","proofofputt-backend.vercel.app","dpl_2u2xnW38eyzzk5xaJRwpYD32hofE",-1,"iad1",-1,-1,"127.0.0.1 - - [26/Aug/2025 21:20:44] ""OPTIONS /login HTTP/1.1"" 200 -","prj_vzDqzUy8vbtGgTYmqMKjOWC9LLFD","","","01K3M42D5Y9AM9MKFWDAWC1B48","",-1
"2025-08-26 21:20:44",1756243244222,"proofofputt-backend.vercel.app/login","OPTIONS","",200,"j6x4b-1756243244209-6bd7a635b7d5","Mozilla/5.0 (Macintosh; Intel Mac OS X 10_15_7) AppleWebKit/537.36 (KHTML, like Gecko) Chrome/139.0.0.0 Safari/537.36","info","production","main","","lambda","/api.py","proofofputt-backend.vercel.app","proofofputt-backend.vercel.app","dpl_2u2xnW38eyzzk5xaJRwpYD32hofE",7,"iad1",172,2048,"","prj_vzDqzUy8vbtGgTYmqMKjOWC9LLFD","","","01K3M42D5Y9AM9MKFWDAWC1B48","1bt3JjbZVmP8",1
"2025-08-26 21:17:33",1756243053975,"proofofputt-backend.vercel.app/register","POST","",-1,"j6x4b-1756243053641-13870dc01276","Mozilla/5.0 (Macintosh; Intel Mac OS X 10_15_7) AppleWebKit/537.36 (KHTML, like Gecko) Chrome/139.0.0.0 Safari/537.36","info","production","main","","lambda","/api.py","proofofputt-backend.vercel.app","proofofputt-backend.vercel.app","dpl_2u2xnW38eyzzk5xaJRwpYD32hofE",-1,"iad1",-1,-1,"127.0.0.1 - - [26/Aug/2025 21:17:33] ""POST /register HTTP/1.1"" 409 -","prj_vzDqzUy8vbtGgTYmqMKjOWC9LLFD","","","01K3M3WK2RP8SA2M4AFNBC0NN9","",-1
"2025-08-26 21:17:33",1756243053656,"proofofputt-backend.vercel.app/register","POST","",409,"j6x4b-1756243053641-13870dc01276","Mozilla/5.0 (Macintosh; Intel Mac OS X 10_15_7) AppleWebKit/537.36 (KHTML, like Gecko) Chrome/139.0.0.0 Safari/537.36","warning","production","main","","lambda","/api.py","proofofputt-backend.vercel.app","proofofputt-backend.vercel.app","dpl_2u2xnW38eyzzk5xaJRwpYD32hofE",312,"iad1",171,2048,"","prj_vzDqzUy8vbtGgTYmqMKjOWC9LLFD","","","01K3M3WK2RP8SA2M4AFNBC0NN9","1bt3JjbZVmP8",1
"2025-08-26 21:17:33",1756243053600,"proofofputt-backend.vercel.app/register","OPTIONS","",-1,"7qz2m-1756243053574-868671880f54","Mozilla/5.0 (Macintosh; Intel Mac OS X 10_15_7) AppleWebKit/537.36 (KHTML, like Gecko) Chrome/139.0.0.0 Safari/537.36","info","production","main","","lambda","/api.py","proofofputt-backend.vercel.app","proofofputt-backend.vercel.app","dpl_2u2xnW38eyzzk5xaJRwpYD32hofE",-1,"iad1",-1,-1,"127.0.0.1 - - [26/Aug/2025 21:17:33] ""OPTIONS /register HTTP/1.1"" 200 -","prj_vzDqzUy8vbtGgTYmqMKjOWC9LLFD","","","01K3M3WK0GHGZA271KX5NKCS6J","",-1
"2025-08-26 21:17:33",1756243053584,"proofofputt-backend.vercel.app/register","OPTIONS","",200,"7qz2m-1756243053574-868671880f54","Mozilla/5.0 (Macintosh; Intel Mac OS X 10_15_7) AppleWebKit/537.36 (KHTML, like Gecko) Chrome/139.0.0.0 Safari/537.36","info","production","main","","lambda","/api.py","proofofputt-backend.vercel.app","proofofputt-backend.vercel.app","dpl_2u2xnW38eyzzk5xaJRwpYD32hofE",8,"iad1",171,2048,"","prj_vzDqzUy8vbtGgTYmqMKjOWC9LLFD","","","01K3M3WK0GHGZA271KX5NKCS6J","1bt3JjbZVmP8",1
"2025-08-26 21:16:59",1756243019577,"proofofputt-backend.vercel.app/login","POST","",-1,"8thw5-1756243019260-81034abc1aed","Mozilla/5.0 (Macintosh; Intel Mac OS X 10_15_7) AppleWebKit/537.36 (KHTML, like Gecko) Chrome/139.0.0.0 Safari/537.36","info","production","main","","lambda","/api.py","proofofputt-backend.vercel.app","proofofputt-backend.vercel.app","dpl_2u2xnW38eyzzk5xaJRwpYD32hofE",-1,"iad1",-1,-1,"127.0.0.1 - - [26/Aug/2025 21:16:59] ""POST /login HTTP/1.1"" 401 -","prj_vzDqzUy8vbtGgTYmqMKjOWC9LLFD","","","01K3M3VHG47SFJRFXM0MGDYQMF","",-1
"2025-08-26 21:16:59",1756243019268,"proofofputt-backend.vercel.app/login","POST","",401,"8thw5-1756243019260-81034abc1aed","Mozilla/5.0 (Macintosh; Intel Mac OS X 10_15_7) AppleWebKit/537.36 (KHTML, like Gecko) Chrome/139.0.0.0 Safari/537.36","warning","production","main","","lambda","/api.py","proofofputt-backend.vercel.app","proofofputt-backend.vercel.app","dpl_2u2xnW38eyzzk5xaJRwpYD32hofE",300,"iad1",171,2048,"","prj_vzDqzUy8vbtGgTYmqMKjOWC9LLFD","","","01K3M3VHG47SFJRFXM0MGDYQMF","1bt3JjbZVmP8",1
"2025-08-26 21:16:58",1756243018240,"proofofputt-backend.vercel.app/login","POST","",-1,"29882-1756243017898-8a66a19ac376","Mozilla/5.0 (Macintosh; Intel Mac OS X 10_15_7) AppleWebKit/537.36 (KHTML, like Gecko) Chrome/139.0.0.0 Safari/537.36","info","production","main","","lambda","/api.py","proofofputt-backend.vercel.app","proofofputt-backend.vercel.app","dpl_2u2xnW38eyzzk5xaJRwpYD32hofE",-1,"iad1",-1,-1,"127.0.0.1 - - [26/Aug/2025 21:16:58] ""POST /login HTTP/1.1"" 401 -","prj_vzDqzUy8vbtGgTYmqMKjOWC9LLFD","","","01K3M3VG661V68P756DE3JD285","",-1
"2025-08-26 21:16:57",1756243017926,"proofofputt-backend.vercel.app/login","POST","",401,"29882-1756243017898-8a66a19ac376","Mozilla/5.0 (Macintosh; Intel Mac OS X 10_15_7) AppleWebKit/537.36 (KHTML, like Gecko) Chrome/139.0.0.0 Safari/537.36","warning","production","main","","lambda","/api.py","proofofputt-backend.vercel.app","proofofputt-backend.vercel.app","dpl_2u2xnW38eyzzk5xaJRwpYD32hofE",301,"iad1",171,2048,"","prj_vzDqzUy8vbtGgTYmqMKjOWC9LLFD","","","01K3M3VG661V68P756DE3JD285","1bt3JjbZVmP8",1
"2025-08-26 21:16:57",1756243017188,"proofofputt-backend.vercel.app/login","POST","",-1,"64fxg-1756243016835-d5c425ee4df0","Mozilla/5.0 (Macintosh; Intel Mac OS X 10_15_7) AppleWebKit/537.36 (KHTML, like Gecko) Chrome/139.0.0.0 Safari/537.36","info","production","main","","lambda","/api.py","proofofputt-backend.vercel.app","proofofputt-backend.vercel.app","dpl_2u2xnW38eyzzk5xaJRwpYD32hofE",-1,"iad1",-1,-1,"127.0.0.1 - - [26/Aug/2025 21:16:57] ""POST /login HTTP/1.1"" 401 -","prj_vzDqzUy8vbtGgTYmqMKjOWC9LLFD","","","01K3M3VF58SSE3VAZ9SD0NZ9SM","",-1
"2025-08-26 21:16:56",1756243016872,"proofofputt-backend.vercel.app/login","POST","",401,"64fxg-1756243016835-d5c425ee4df0","Mozilla/5.0 (Macintosh; Intel Mac OS X 10_15_7) AppleWebKit/537.36 (KHTML, like Gecko) Chrome/139.0.0.0 Safari/537.36","warning","production","main","","lambda","/api.py","proofofputt-backend.vercel.app","proofofputt-backend.vercel.app","dpl_2u2xnW38eyzzk5xaJRwpYD32hofE",305,"iad1",171,2048,"","prj_vzDqzUy8vbtGgTYmqMKjOWC9LLFD","","","01K3M3VF58SSE3VAZ9SD0NZ9SM","1bt3JjbZVmP8",1
"2025-08-26 21:16:56",1756243016792,"proofofputt-backend.vercel.app/login","OPTIONS","",-1,"9wx2f-1756243016703-00646dfa4f11","Mozilla/5.0 (Macintosh; Intel Mac OS X 10_15_7) AppleWebKit/537.36 (KHTML, like Gecko) Chrome/139.0.0.0 Safari/537.36","info","production","main","","lambda","/api.py","proofofputt-backend.vercel.app","proofofputt-backend.vercel.app","dpl_2u2xnW38eyzzk5xaJRwpYD32hofE",-1,"iad1",-1,-1,"127.0.0.1 - - [26/Aug/2025 21:16:56] ""OPTIONS /login HTTP/1.1"" 200 -","prj_vzDqzUy8vbtGgTYmqMKjOWC9LLFD","","","01K3M3VF25PZ3TC37ZJK70CZKT","",-1
"2025-08-26 21:16:56",1756243016773,"proofofputt-backend.vercel.app/login","OPTIONS","",200,"9wx2f-1756243016703-00646dfa4f11","Mozilla/5.0 (Macintosh; Intel Mac OS X 10_15_7) AppleWebKit/537.36 (KHTML, like Gecko) Chrome/139.0.0.0 Safari/537.36","info","production","main","","lambda","/api.py","proofofputt-backend.vercel.app","proofofputt-backend.vercel.app","dpl_2u2xnW38eyzzk5xaJRwpYD32hofE",5,"iad1",171,2048,"","prj_vzDqzUy8vbtGgTYmqMKjOWC9LLFD","","","01K3M3VF25PZ3TC37ZJK70CZKT","1bt3JjbZVmP8",1
"2025-08-26 21:16:35",1756242995758,"proofofputt-backend-8pttyardm-nicholas-kirwans-projects.vercel.app/favicon.png","GET","",-1,"nv6hd-1756242995697-d0ac9e7b98ec","vercel-favicon/1.0","info","production","main","","lambda","/api.py","proofofputt-backend-8pttyardm-nicholas-kirwans-projects.vercel.app","proofofputt-backend-8pttyardm-nicholas-kirwans-projects.vercel.app","dpl_2u2xnW38eyzzk5xaJRwpYD32hofE",-1,"iad1",-1,-1,"127.0.0.1 - - [26/Aug/2025 21:16:35] ""GET /favicon.png HTTP/1.1"" 500 -","prj_vzDqzUy8vbtGgTYmqMKjOWC9LLFD","","","01K3M3TTGS9A522530GE43Q54X","",-1
"2025-08-26 21:16:35",1756242995758,"proofofputt-backend-8pttyardm-nicholas-kirwans-projects.vercel.app/favicon.png","GET","",-1,"nv6hd-1756242995697-d0ac9e7b98ec","vercel-favicon/1.0","error","production","main","","lambda","/api.py","proofofputt-backend-8pttyardm-nicholas-kirwans-projects.vercel.app","proofofputt-backend-8pttyardm-nicholas-kirwans-projects.vercel.app","dpl_2u2xnW38eyzzk5xaJRwpYD32hofE",-1,"iad1",-1,-1,"ERROR:api:An unexpected server error occurred: 404 Not Found: The requested URL was not found on the server. If you entered the URL manually please check your spelling and try again.","prj_vzDqzUy8vbtGgTYmqMKjOWC9LLFD","","","01K3M3TTGS9A522530GE43Q54X","",-1
"2025-08-26 21:16:35",1756242995758,"proofofputt-backend-8pttyardm-nicholas-kirwans-projects.vercel.app/favicon.png","GET","",-1,"nv6hd-1756242995697-d0ac9e7b98ec","vercel-favicon/1.0","info","production","main","","lambda","/api.py","proofofputt-backend-8pttyardm-nicholas-kirwans-projects.vercel.app","proofofputt-backend-8pttyardm-nicholas-kirwans-projects.vercel.app","dpl_2u2xnW38eyzzk5xaJRwpYD32hofE",-1,"iad1",-1,-1,"werkzeug.exceptions.NotFound: 404 Not Found: The requested URL was not found on the server. If you entered the URL manually please check your spelling and try again.","prj_vzDqzUy8vbtGgTYmqMKjOWC9LLFD","","","01K3M3TTGS9A522530GE43Q54X","",-1
"2025-08-26 21:16:35",1756242995758,"proofofputt-backend-8pttyardm-nicholas-kirwans-projects.vercel.app/favicon.png","GET","",-1,"nv6hd-1756242995697-d0ac9e7b98ec","vercel-favicon/1.0","info","production","main","","lambda","/api.py","proofofputt-backend-8pttyardm-nicholas-kirwans-projects.vercel.app","proofofputt-backend-8pttyardm-nicholas-kirwans-projects.vercel.app","dpl_2u2xnW38eyzzk5xaJRwpYD32hofE",-1,"iad1",-1,-1,"File ""/var/task/werkzeug/routing/map.py"", line 629, in match
    raise NotFound() from None","prj_vzDqzUy8vbtGgTYmqMKjOWC9LLFD","","","01K3M3TTGS9A522530GE43Q54X","",-1
"2025-08-26 21:16:35",1756242995758,"proofofputt-backend-8pttyardm-nicholas-kirwans-projects.vercel.app/favicon.png","GET","",-1,"nv6hd-1756242995697-d0ac9e7b98ec","vercel-favicon/1.0","info","production","main","","lambda","/api.py","proofofputt-backend-8pttyardm-nicholas-kirwans-projects.vercel.app","proofofputt-backend-8pttyardm-nicholas-kirwans-projects.vercel.app","dpl_2u2xnW38eyzzk5xaJRwpYD32hofE",-1,"iad1",-1,-1,"File ""/var/task/flask/ctx.py"", line 362, in match_request
    result = self.url_adapter.match(return_rule=True)  # type: ignore
             ^^^^^^^^^^^^^^^^^^^^^^^^^^^^^^^^^^^^^^^^","prj_vzDqzUy8vbtGgTYmqMKjOWC9LLFD","","","01K3M3TTGS9A522530GE43Q54X","",-1
"2025-08-26 21:16:35",1756242995758,"proofofputt-backend-8pttyardm-nicholas-kirwans-projects.vercel.app/favicon.png","GET","",-1,"nv6hd-1756242995697-d0ac9e7b98ec","vercel-favicon/1.0","info","production","main","","lambda","/api.py","proofofputt-backend-8pttyardm-nicholas-kirwans-projects.vercel.app","proofofputt-backend-8pttyardm-nicholas-kirwans-projects.vercel.app","dpl_2u2xnW38eyzzk5xaJRwpYD32hofE",-1,"iad1",-1,-1,"File ""/var/task/flask/app.py"", line 500, in raise_routing_exception
    raise request.routing_exception  # type: ignore[misc]
    ^^^^^^^^^^^^^^^^^^^^^^^^^^^^^^^","prj_vzDqzUy8vbtGgTYmqMKjOWC9LLFD","","","01K3M3TTGS9A522530GE43Q54X","",-1
"2025-08-26 21:16:35",1756242995758,"proofofputt-backend-8pttyardm-nicholas-kirwans-projects.vercel.app/favicon.png","GET","",-1,"nv6hd-1756242995697-d0ac9e7b98ec","vercel-favicon/1.0","info","production","main","","lambda","/api.py","proofofputt-backend-8pttyardm-nicholas-kirwans-projects.vercel.app","proofofputt-backend-8pttyardm-nicholas-kirwans-projects.vercel.app","dpl_2u2xnW38eyzzk5xaJRwpYD32hofE",-1,"iad1",-1,-1,"File ""/var/task/flask/app.py"", line 891, in dispatch_request
    self.raise_routing_exception(req)","prj_vzDqzUy8vbtGgTYmqMKjOWC9LLFD","","","01K3M3TTGS9A522530GE43Q54X","",-1
"2025-08-26 21:16:35",1756242995758,"proofofputt-backend-8pttyardm-nicholas-kirwans-projects.vercel.app/favicon.png","GET","",-1,"nv6hd-1756242995697-d0ac9e7b98ec","vercel-favicon/1.0","info","production","main","","lambda","/api.py","proofofputt-backend-8pttyardm-nicholas-kirwans-projects.vercel.app","proofofputt-backend-8pttyardm-nicholas-kirwans-projects.vercel.app","dpl_2u2xnW38eyzzk5xaJRwpYD32hofE",-1,"iad1",-1,-1,"File ""/var/task/flask/app.py"", line 917, in full_dispatch_request
    rv = self.dispatch_request()
         ^^^^^^^^^^^^^^^^^^^^^^^","prj_vzDqzUy8vbtGgTYmqMKjOWC9LLFD","","","01K3M3TTGS9A522530GE43Q54X","",-1
"2025-08-26 21:16:35",1756242995757,"proofofputt-backend-8pttyardm-nicholas-kirwans-projects.vercel.app/favicon.png","GET","",-1,"nv6hd-1756242995697-d0ac9e7b98ec","vercel-favicon/1.0","info","production","main","","lambda","/api.py","proofofputt-backend-8pttyardm-nicholas-kirwans-projects.vercel.app","proofofputt-backend-8pttyardm-nicholas-kirwans-projects.vercel.app","dpl_2u2xnW38eyzzk5xaJRwpYD32hofE",-1,"iad1",-1,-1,"Traceback (most recent call last):","prj_vzDqzUy8vbtGgTYmqMKjOWC9LLFD","","","01K3M3TTGS9A522530GE43Q54X","",-1
"2025-08-26 21:16:35",1756242995737,"proofofputt-backend-8pttyardm-nicholas-kirwans-projects.vercel.app/favicon.png","GET","",500,"nv6hd-1756242995697-d0ac9e7b98ec","vercel-favicon/1.0","error","production","main","","lambda","/api.py","proofofputt-backend-8pttyardm-nicholas-kirwans-projects.vercel.app","proofofputt-backend-8pttyardm-nicholas-kirwans-projects.vercel.app","dpl_2u2xnW38eyzzk5xaJRwpYD32hofE",5,"iad1",171,2048,"","prj_vzDqzUy8vbtGgTYmqMKjOWC9LLFD","","","01K3M3TTGS9A522530GE43Q54X","1bt3JjbZVmP8",1
"2025-08-26 21:16:33",1756242993643,"proofofputt-backend-8pttyardm-nicholas-kirwans-projects.vercel.app/favicon.png","GET","",-1,"p6rjw-1756242993592-47cac1e1f5fc","vercel-favicon/1.0","info","production","main","","lambda","/api.py","proofofputt-backend-8pttyardm-nicholas-kirwans-projects.vercel.app","proofofputt-backend-8pttyardm-nicholas-kirwans-projects.vercel.app","dpl_2u2xnW38eyzzk5xaJRwpYD32hofE",-1,"iad1",-1,-1,"127.0.0.1 - - [26/Aug/2025 21:16:33] ""GET /favicon.png HTTP/1.1"" 500 -","prj_vzDqzUy8vbtGgTYmqMKjOWC9LLFD","","","01K3M3TREY0YT1XM0HVAK18W9X","",-1
"2025-08-26 21:16:33",1756242993643,"proofofputt-backend-8pttyardm-nicholas-kirwans-projects.vercel.app/favicon.png","GET","",-1,"p6rjw-1756242993592-47cac1e1f5fc","vercel-favicon/1.0","error","production","main","","lambda","/api.py","proofofputt-backend-8pttyardm-nicholas-kirwans-projects.vercel.app","proofofputt-backend-8pttyardm-nicholas-kirwans-projects.vercel.app","dpl_2u2xnW38eyzzk5xaJRwpYD32hofE",-1,"iad1",-1,-1,"ERROR:api:An unexpected server error occurred: 404 Not Found: The requested URL was not found on the server. If you entered the URL manually please check your spelling and try again.","prj_vzDqzUy8vbtGgTYmqMKjOWC9LLFD","","","01K3M3TREY0YT1XM0HVAK18W9X","",-1
"2025-08-26 21:16:33",1756242993643,"proofofputt-backend-8pttyardm-nicholas-kirwans-projects.vercel.app/favicon.png","GET","",-1,"p6rjw-1756242993592-47cac1e1f5fc","vercel-favicon/1.0","info","production","main","","lambda","/api.py","proofofputt-backend-8pttyardm-nicholas-kirwans-projects.vercel.app","proofofputt-backend-8pttyardm-nicholas-kirwans-projects.vercel.app","dpl_2u2xnW38eyzzk5xaJRwpYD32hofE",-1,"iad1",-1,-1,"werkzeug.exceptions.NotFound: 404 Not Found: The requested URL was not found on the server. If you entered the URL manually please check your spelling and try again.","prj_vzDqzUy8vbtGgTYmqMKjOWC9LLFD","","","01K3M3TREY0YT1XM0HVAK18W9X","",-1
"2025-08-26 21:16:33",1756242993643,"proofofputt-backend-8pttyardm-nicholas-kirwans-projects.vercel.app/favicon.png","GET","",-1,"p6rjw-1756242993592-47cac1e1f5fc","vercel-favicon/1.0","info","production","main","","lambda","/api.py","proofofputt-backend-8pttyardm-nicholas-kirwans-projects.vercel.app","proofofputt-backend-8pttyardm-nicholas-kirwans-projects.vercel.app","dpl_2u2xnW38eyzzk5xaJRwpYD32hofE",-1,"iad1",-1,-1,"File ""/var/task/werkzeug/routing/map.py"", line 629, in match
    raise NotFound() from None","prj_vzDqzUy8vbtGgTYmqMKjOWC9LLFD","","","01K3M3TREY0YT1XM0HVAK18W9X","",-1
"2025-08-26 21:16:33",1756242993643,"proofofputt-backend-8pttyardm-nicholas-kirwans-projects.vercel.app/favicon.png","GET","",-1,"p6rjw-1756242993592-47cac1e1f5fc","vercel-favicon/1.0","info","production","main","","lambda","/api.py","proofofputt-backend-8pttyardm-nicholas-kirwans-projects.vercel.app","proofofputt-backend-8pttyardm-nicholas-kirwans-projects.vercel.app","dpl_2u2xnW38eyzzk5xaJRwpYD32hofE",-1,"iad1",-1,-1,"File ""/var/task/flask/ctx.py"", line 362, in match_request
    result = self.url_adapter.match(return_rule=True)  # type: ignore
             ^^^^^^^^^^^^^^^^^^^^^^^^^^^^^^^^^^^^^^^^","prj_vzDqzUy8vbtGgTYmqMKjOWC9LLFD","","","01K3M3TREY0YT1XM0HVAK18W9X","",-1
"2025-08-26 21:16:33",1756242993643,"proofofputt-backend-8pttyardm-nicholas-kirwans-projects.vercel.app/favicon.png","GET","",-1,"p6rjw-1756242993592-47cac1e1f5fc","vercel-favicon/1.0","info","production","main","","lambda","/api.py","proofofputt-backend-8pttyardm-nicholas-kirwans-projects.vercel.app","proofofputt-backend-8pttyardm-nicholas-kirwans-projects.vercel.app","dpl_2u2xnW38eyzzk5xaJRwpYD32hofE",-1,"iad1",-1,-1,"File ""/var/task/flask/app.py"", line 500, in raise_routing_exception
    raise request.routing_exception  # type: ignore[misc]
    ^^^^^^^^^^^^^^^^^^^^^^^^^^^^^^^","prj_vzDqzUy8vbtGgTYmqMKjOWC9LLFD","","","01K3M3TREY0YT1XM0HVAK18W9X","",-1
"2025-08-26 21:16:33",1756242993643,"proofofputt-backend-8pttyardm-nicholas-kirwans-projects.vercel.app/favicon.png","GET","",-1,"p6rjw-1756242993592-47cac1e1f5fc","vercel-favicon/1.0","info","production","main","","lambda","/api.py","proofofputt-backend-8pttyardm-nicholas-kirwans-projects.vercel.app","proofofputt-backend-8pttyardm-nicholas-kirwans-projects.vercel.app","dpl_2u2xnW38eyzzk5xaJRwpYD32hofE",-1,"iad1",-1,-1,"File ""/var/task/flask/app.py"", line 891, in dispatch_request
    self.raise_routing_exception(req)","prj_vzDqzUy8vbtGgTYmqMKjOWC9LLFD","","","01K3M3TREY0YT1XM0HVAK18W9X","",-1
"2025-08-26 21:16:33",1756242993643,"proofofputt-backend-8pttyardm-nicholas-kirwans-projects.vercel.app/favicon.png","GET","",-1,"p6rjw-1756242993592-47cac1e1f5fc","vercel-favicon/1.0","info","production","main","","lambda","/api.py","proofofputt-backend-8pttyardm-nicholas-kirwans-projects.vercel.app","proofofputt-backend-8pttyardm-nicholas-kirwans-projects.vercel.app","dpl_2u2xnW38eyzzk5xaJRwpYD32hofE",-1,"iad1",-1,-1,"File ""/var/task/flask/app.py"", line 917, in full_dispatch_request
    rv = self.dispatch_request()
         ^^^^^^^^^^^^^^^^^^^^^^^","prj_vzDqzUy8vbtGgTYmqMKjOWC9LLFD","","","01K3M3TREY0YT1XM0HVAK18W9X","",-1
"2025-08-26 21:16:33",1756242993642,"proofofputt-backend-8pttyardm-nicholas-kirwans-projects.vercel.app/favicon.png","GET","",-1,"p6rjw-1756242993592-47cac1e1f5fc","vercel-favicon/1.0","info","production","main","","lambda","/api.py","proofofputt-backend-8pttyardm-nicholas-kirwans-projects.vercel.app","proofofputt-backend-8pttyardm-nicholas-kirwans-projects.vercel.app","dpl_2u2xnW38eyzzk5xaJRwpYD32hofE",-1,"iad1",-1,-1,"Traceback (most recent call last):","prj_vzDqzUy8vbtGgTYmqMKjOWC9LLFD","","","01K3M3TREY0YT1XM0HVAK18W9X","",-1
"2025-08-26 21:16:33",1756242993630,"proofofputt-backend-8pttyardm-nicholas-kirwans-projects.vercel.app/favicon.png","GET","",500,"p6rjw-1756242993592-47cac1e1f5fc","vercel-favicon/1.0","error","production","main","","lambda","/api.py","proofofputt-backend-8pttyardm-nicholas-kirwans-projects.vercel.app","proofofputt-backend-8pttyardm-nicholas-kirwans-projects.vercel.app","dpl_2u2xnW38eyzzk5xaJRwpYD32hofE",5,"iad1",171,2048,"","prj_vzDqzUy8vbtGgTYmqMKjOWC9LLFD","","","01K3M3TREY0YT1XM0HVAK18W9X","1bt3JjbZVmP8",1
"2025-08-26 21:16:32",1756242992500,"proofofputt-backend-8pttyardm-nicholas-kirwans-projects.vercel.app/favicon.png","GET","",-1,"p6rjw-1756242992442-6e1a20846819","vercel-favicon/1.0","info","production","main","","lambda","/api.py","proofofputt-backend-8pttyardm-nicholas-kirwans-projects.vercel.app","proofofputt-backend-8pttyardm-nicholas-kirwans-projects.vercel.app","dpl_2u2xnW38eyzzk5xaJRwpYD32hofE",-1,"iad1",-1,-1,"127.0.0.1 - - [26/Aug/2025 21:16:32] ""GET /favicon.png HTTP/1.1"" 500 -","prj_vzDqzUy8vbtGgTYmqMKjOWC9LLFD","","","01K3M3TQB1JYM7PC5BXW9STYJR","",-1
"2025-08-26 21:16:32",1756242992499,"proofofputt-backend-8pttyardm-nicholas-kirwans-projects.vercel.app/favicon.png","GET","",-1,"p6rjw-1756242992442-6e1a20846819","vercel-favicon/1.0","error","production","main","","lambda","/api.py","proofofputt-backend-8pttyardm-nicholas-kirwans-projects.vercel.app","proofofputt-backend-8pttyardm-nicholas-kirwans-projects.vercel.app","dpl_2u2xnW38eyzzk5xaJRwpYD32hofE",-1,"iad1",-1,-1,"ERROR:api:An unexpected server error occurred: 404 Not Found: The requested URL was not found on the server. If you entered the URL manually please check your spelling and try again.","prj_vzDqzUy8vbtGgTYmqMKjOWC9LLFD","","","01K3M3TQB1JYM7PC5BXW9STYJR","",-1
"2025-08-26 21:16:32",1756242992499,"proofofputt-backend-8pttyardm-nicholas-kirwans-projects.vercel.app/favicon.png","GET","",-1,"p6rjw-1756242992442-6e1a20846819","vercel-favicon/1.0","info","production","main","","lambda","/api.py","proofofputt-backend-8pttyardm-nicholas-kirwans-projects.vercel.app","proofofputt-backend-8pttyardm-nicholas-kirwans-projects.vercel.app","dpl_2u2xnW38eyzzk5xaJRwpYD32hofE",-1,"iad1",-1,-1,"werkzeug.exceptions.NotFound: 404 Not Found: The requested URL was not found on the server. If you entered the URL manually please check your spelling and try again.","prj_vzDqzUy8vbtGgTYmqMKjOWC9LLFD","","","01K3M3TQB1JYM7PC5BXW9STYJR","",-1
"2025-08-26 21:16:32",1756242992499,"proofofputt-backend-8pttyardm-nicholas-kirwans-projects.vercel.app/favicon.png","GET","",-1,"p6rjw-1756242992442-6e1a20846819","vercel-favicon/1.0","info","production","main","","lambda","/api.py","proofofputt-backend-8pttyardm-nicholas-kirwans-projects.vercel.app","proofofputt-backend-8pttyardm-nicholas-kirwans-projects.vercel.app","dpl_2u2xnW38eyzzk5xaJRwpYD32hofE",-1,"iad1",-1,-1,"File ""/var/task/werkzeug/routing/map.py"", line 629, in match
    raise NotFound() from None","prj_vzDqzUy8vbtGgTYmqMKjOWC9LLFD","","","01K3M3TQB1JYM7PC5BXW9STYJR","",-1
"2025-08-26 21:16:32",1756242992499,"proofofputt-backend-8pttyardm-nicholas-kirwans-projects.vercel.app/favicon.png","GET","",-1,"p6rjw-1756242992442-6e1a20846819","vercel-favicon/1.0","info","production","main","","lambda","/api.py","proofofputt-backend-8pttyardm-nicholas-kirwans-projects.vercel.app","proofofputt-backend-8pttyardm-nicholas-kirwans-projects.vercel.app","dpl_2u2xnW38eyzzk5xaJRwpYD32hofE",-1,"iad1",-1,-1,"File ""/var/task/flask/ctx.py"", line 362, in match_request
    result = self.url_adapter.match(return_rule=True)  # type: ignore
             ^^^^^^^^^^^^^^^^^^^^^^^^^^^^^^^^^^^^^^^^","prj_vzDqzUy8vbtGgTYmqMKjOWC9LLFD","","","01K3M3TQB1JYM7PC5BXW9STYJR","",-1
"2025-08-26 21:16:32",1756242992499,"proofofputt-backend-8pttyardm-nicholas-kirwans-projects.vercel.app/favicon.png","GET","",-1,"p6rjw-1756242992442-6e1a20846819","vercel-favicon/1.0","info","production","main","","lambda","/api.py","proofofputt-backend-8pttyardm-nicholas-kirwans-projects.vercel.app","proofofputt-backend-8pttyardm-nicholas-kirwans-projects.vercel.app","dpl_2u2xnW38eyzzk5xaJRwpYD32hofE",-1,"iad1",-1,-1,"File ""/var/task/flask/app.py"", line 500, in raise_routing_exception
    raise request.routing_exception  # type: ignore[misc]
    ^^^^^^^^^^^^^^^^^^^^^^^^^^^^^^^","prj_vzDqzUy8vbtGgTYmqMKjOWC9LLFD","","","01K3M3TQB1JYM7PC5BXW9STYJR","",-1
"2025-08-26 21:16:32",1756242992499,"proofofputt-backend-8pttyardm-nicholas-kirwans-projects.vercel.app/favicon.png","GET","",-1,"p6rjw-1756242992442-6e1a20846819","vercel-favicon/1.0","info","production","main","","lambda","/api.py","proofofputt-backend-8pttyardm-nicholas-kirwans-projects.vercel.app","proofofputt-backend-8pttyardm-nicholas-kirwans-projects.vercel.app","dpl_2u2xnW38eyzzk5xaJRwpYD32hofE",-1,"iad1",-1,-1,"File ""/var/task/flask/app.py"", line 891, in dispatch_request
    self.raise_routing_exception(req)","prj_vzDqzUy8vbtGgTYmqMKjOWC9LLFD","","","01K3M3TQB1JYM7PC5BXW9STYJR","",-1
"2025-08-26 21:16:32",1756242992499,"proofofputt-backend-8pttyardm-nicholas-kirwans-projects.vercel.app/favicon.png","GET","",-1,"p6rjw-1756242992442-6e1a20846819","vercel-favicon/1.0","info","production","main","","lambda","/api.py","proofofputt-backend-8pttyardm-nicholas-kirwans-projects.vercel.app","proofofputt-backend-8pttyardm-nicholas-kirwans-projects.vercel.app","dpl_2u2xnW38eyzzk5xaJRwpYD32hofE",-1,"iad1",-1,-1,"File ""/var/task/flask/app.py"", line 917, in full_dispatch_request
    rv = self.dispatch_request()
         ^^^^^^^^^^^^^^^^^^^^^^^","prj_vzDqzUy8vbtGgTYmqMKjOWC9LLFD","","","01K3M3TQB1JYM7PC5BXW9STYJR","",-1
"2025-08-26 21:16:32",1756242992499,"proofofputt-backend-8pttyardm-nicholas-kirwans-projects.vercel.app/favicon.png","GET","",-1,"p6rjw-1756242992442-6e1a20846819","vercel-favicon/1.0","info","production","main","","lambda","/api.py","proofofputt-backend-8pttyardm-nicholas-kirwans-projects.vercel.app","proofofputt-backend-8pttyardm-nicholas-kirwans-projects.vercel.app","dpl_2u2xnW38eyzzk5xaJRwpYD32hofE",-1,"iad1",-1,-1,"Traceback (most recent call last):","prj_vzDqzUy8vbtGgTYmqMKjOWC9LLFD","","","01K3M3TQB1JYM7PC5BXW9STYJR","",-1
"2025-08-26 21:16:32",1756242992481,"proofofputt-backend-8pttyardm-nicholas-kirwans-projects.vercel.app/favicon.png","GET","",500,"p6rjw-1756242992442-6e1a20846819","vercel-favicon/1.0","error","production","main","","lambda","/api.py","proofofputt-backend-8pttyardm-nicholas-kirwans-projects.vercel.app","proofofputt-backend-8pttyardm-nicholas-kirwans-projects.vercel.app","dpl_2u2xnW38eyzzk5xaJRwpYD32hofE",6,"iad1",171,2048,"","prj_vzDqzUy8vbtGgTYmqMKjOWC9LLFD","","","01K3M3TQB1JYM7PC5BXW9STYJR","1bt3JjbZVmP8",1
"2025-08-26 21:16:32",1756242992400,"proofofputt-backend-8pttyardm-nicholas-kirwans-projects.vercel.app/favicon.ico","GET","",-1,"pwnr2-1756242992340-cf8f09737684","vercel-favicon/1.0","info","production","main","","lambda","/api.py","proofofputt-backend-8pttyardm-nicholas-kirwans-projects.vercel.app","proofofputt-backend-8pttyardm-nicholas-kirwans-projects.vercel.app","dpl_2u2xnW38eyzzk5xaJRwpYD32hofE",-1,"iad1",-1,-1,"127.0.0.1 - - [26/Aug/2025 21:16:32] ""GET /favicon.ico HTTP/1.1"" 204 -","prj_vzDqzUy8vbtGgTYmqMKjOWC9LLFD","","","01K3M3TQ7ZN3BP950G7F12JWQA","",-1
"2025-08-26 21:16:32",1756242992383,"proofofputt-backend-8pttyardm-nicholas-kirwans-projects.vercel.app/favicon.ico","GET","",204,"pwnr2-1756242992340-cf8f09737684","vercel-favicon/1.0","info","production","main","","lambda","/api.py","proofofputt-backend-8pttyardm-nicholas-kirwans-projects.vercel.app","proofofputt-backend-8pttyardm-nicholas-kirwans-projects.vercel.app","dpl_2u2xnW38eyzzk5xaJRwpYD32hofE",4,"iad1",171,2048,"","prj_vzDqzUy8vbtGgTYmqMKjOWC9LLFD","","","01K3M3TQ7ZN3BP950G7F12JWQA","1bt3JjbZVmP8",1
"2025-08-26 21:16:32",1756242992218,"proofofputt-backend-8pttyardm-nicholas-kirwans-projects.vercel.app/","GET","",-1,"p6rjw-1756242992045-1d250d376c80","vercel-favicon/1.0","info","production","main","","lambda","/api.py","proofofputt-backend-8pttyardm-nicholas-kirwans-projects.vercel.app","proofofputt-backend-8pttyardm-nicholas-kirwans-projects.vercel.app","dpl_2u2xnW38eyzzk5xaJRwpYD32hofE",-1,"iad1",-1,-1,"127.0.0.1 - - [26/Aug/2025 21:16:32] ""GET / HTTP/1.1"" 200 -","prj_vzDqzUy8vbtGgTYmqMKjOWC9LLFD","","","01K3M3TQ23CZFPYC2XD74VSX8M","",-1
"2025-08-26 21:16:32",1756242992195,"proofofputt-backend-8pttyardm-nicholas-kirwans-projects.vercel.app/","GET","",200,"p6rjw-1756242992045-1d250d376c80","vercel-favicon/1.0","info","production","main","","lambda","/api.py","proofofputt-backend-8pttyardm-nicholas-kirwans-projects.vercel.app","proofofputt-backend-8pttyardm-nicholas-kirwans-projects.vercel.app","dpl_2u2xnW38eyzzk5xaJRwpYD32hofE",6,"iad1",170,2048,"","prj_vzDqzUy8vbtGgTYmqMKjOWC9LLFD","","","01K3M3TQ23CZFPYC2XD74VSX8M","1bt3JjbZVmP8",1
"2025-08-26 21:15:44",1756242944221,"proofofputt-backend-8pttyardm-nicholas-kirwans-projects.vercel.app/favicon.ico","GET","",-1,"nv6hd-1756242940063-b2836f9d3a87","vercel-screenshot/1.0","info","production","main","","lambda","/api.py","proofofputt-backend-8pttyardm-nicholas-kirwans-projects.vercel.app","proofofputt-backend-8pttyardm-nicholas-kirwans-projects.vercel.app","dpl_2u2xnW38eyzzk5xaJRwpYD32hofE",-1,"iad1",-1,-1,"127.0.0.1 - - [26/Aug/2025 21:15:44] ""GET /favicon.ico HTTP/1.1"" 204 -","prj_vzDqzUy8vbtGgTYmqMKjOWC9LLFD","","","01K3M3S49FW7R801YP1KNBNZB2","",-1
"2025-08-26 21:15:40",1756242940346,"proofofputt-backend-8pttyardm-nicholas-kirwans-projects.vercel.app/","GET","",-1,"rr9gl-1756242935751-ed7f535a5781","vercel-screenshot/1.0","info","production","main","","lambda","/api.py","proofofputt-backend-8pttyardm-nicholas-kirwans-projects.vercel.app","proofofputt-backend-8pttyardm-nicholas-kirwans-projects.vercel.app","dpl_2u2xnW38eyzzk5xaJRwpYD32hofE",-1,"iad1",-1,-1,"127.0.0.1 - - [26/Aug/2025 21:15:40] ""GET / HTTP/1.1"" 200 -","prj_vzDqzUy8vbtGgTYmqMKjOWC9LLFD","","","01K3M3S06H04R8A12KG01C280N","",-1
"2025-08-26 21:15:40",1756242940321,"proofofputt-backend-8pttyardm-nicholas-kirwans-projects.vercel.app/","GET","",-1,"hxt24-1756242935749-24c6c9fd3e39","vercel-screenshot/1.0","info","production","main","","lambda","/api.py","proofofputt-backend-8pttyardm-nicholas-kirwans-projects.vercel.app","proofofputt-backend-8pttyardm-nicholas-kirwans-projects.vercel.app","dpl_2u2xnW38eyzzk5xaJRwpYD32hofE",-1,"iad1",-1,-1,"127.0.0.1 - - [26/Aug/2025 21:15:40] ""GET / HTTP/1.1"" 200 -","prj_vzDqzUy8vbtGgTYmqMKjOWC9LLFD","","","01K3M3S06KV57GF0GC2PNET3XH","",-1
"2025-08-26 21:15:40",1756242940212,"proofofputt-backend-8pttyardm-nicholas-kirwans-projects.vercel.app/favicon.ico","GET","",-1,"xqhfx-1756242940060-e609f4550a09","vercel-screenshot/1.0","info","production","main","","lambda","/api.py","proofofputt-backend-8pttyardm-nicholas-kirwans-projects.vercel.app","proofofputt-backend-8pttyardm-nicholas-kirwans-projects.vercel.app","dpl_2u2xnW38eyzzk5xaJRwpYD32hofE",-1,"iad1",-1,-1,"127.0.0.1 - - [26/Aug/2025 21:15:40] ""GET /favicon.ico HTTP/1.1"" 204 -","prj_vzDqzUy8vbtGgTYmqMKjOWC9LLFD","","","01K3M3S496R8A1BCDEN724VZZ8","",-1
"2025-08-26 21:15:40",1756242940207,"proofofputt-backend-8pttyardm-nicholas-kirwans-projects.vercel.app/favicon.ico","GET","",204,"nv6hd-1756242940063-b2836f9d3a87","vercel-screenshot/1.0","info","production","main","","lambda","/api.py","proofofputt-backend-8pttyardm-nicholas-kirwans-projects.vercel.app","proofofputt-backend-8pttyardm-nicholas-kirwans-projects.vercel.app","dpl_2u2xnW38eyzzk5xaJRwpYD32hofE",6,"iad1",170,2048,"","prj_vzDqzUy8vbtGgTYmqMKjOWC9LLFD","","","01K3M3S49FW7R801YP1KNBNZB2","1bt3JjbZVmP8",1
"2025-08-26 21:15:40",1756242940198,"proofofputt-backend-8pttyardm-nicholas-kirwans-projects.vercel.app/favicon.ico","GET","",204,"xqhfx-1756242940060-e609f4550a09","vercel-screenshot/1.0","info","production","main","","lambda","/api.py","proofofputt-backend-8pttyardm-nicholas-kirwans-projects.vercel.app","proofofputt-backend-8pttyardm-nicholas-kirwans-projects.vercel.app","dpl_2u2xnW38eyzzk5xaJRwpYD32hofE",4,"iad1",170,2048,"","prj_vzDqzUy8vbtGgTYmqMKjOWC9LLFD","","","01K3M3S496R8A1BCDEN724VZZ8","4L7zkBj370Ac",1
"2025-08-26 21:15:39",1756242939984,"proofofputt-backend-8pttyardm-nicholas-kirwans-projects.vercel.app/","GET","",-1,"w6v7g-1756242939806-6412cea0f6bb","vercel-screenshot/1.0","info","production","main","","lambda","/api.py","proofofputt-backend-8pttyardm-nicholas-kirwans-projects.vercel.app","proofofputt-backend-8pttyardm-nicholas-kirwans-projects.vercel.app","dpl_2u2xnW38eyzzk5xaJRwpYD32hofE",-1,"iad1",-1,-1,"127.0.0.1 - - [26/Aug/2025 21:15:39] ""GET / HTTP/1.1"" 200 -","prj_vzDqzUy8vbtGgTYmqMKjOWC9LLFD","","","01K3M3S41NZQE3TPCBGHQ20CJJ","",-1
"2025-08-26 21:15:39",1756242939972,"proofofputt-backend-8pttyardm-nicholas-kirwans-projects.vercel.app/","GET","",-1,"n4h8d-1756242939802-6d6c736d7aa9","vercel-screenshot/1.0","info","production","main","","lambda","/api.py","proofofputt-backend-8pttyardm-nicholas-kirwans-projects.vercel.app","proofofputt-backend-8pttyardm-nicholas-kirwans-projects.vercel.app","dpl_2u2xnW38eyzzk5xaJRwpYD32hofE",-1,"iad1",-1,-1,"127.0.0.1 - - [26/Aug/2025 21:15:39] ""GET / HTTP/1.1"" 200 -","prj_vzDqzUy8vbtGgTYmqMKjOWC9LLFD","","","01K3M3S41HTJ8YYBD4SA8QNWY9","",-1
"2025-08-26 21:15:39",1756242939957,"proofofputt-backend-8pttyardm-nicholas-kirwans-projects.vercel.app/","GET","",200,"w6v7g-1756242939806-6412cea0f6bb","vercel-screenshot/1.0","info","production","main","","lambda","/api.py","proofofputt-backend-8pttyardm-nicholas-kirwans-projects.vercel.app","proofofputt-backend-8pttyardm-nicholas-kirwans-projects.vercel.app","dpl_2u2xnW38eyzzk5xaJRwpYD32hofE",4,"iad1",170,2048,"","prj_vzDqzUy8vbtGgTYmqMKjOWC9LLFD","","","01K3M3S41NZQE3TPCBGHQ20CJJ","4L7zkBj370Ac",1
"2025-08-26 21:15:39",1756242939953,"proofofputt-backend-8pttyardm-nicholas-kirwans-projects.vercel.app/","GET","",200,"n4h8d-1756242939802-6d6c736d7aa9","vercel-screenshot/1.0","info","production","main","","lambda","/api.py","proofofputt-backend-8pttyardm-nicholas-kirwans-projects.vercel.app","proofofputt-backend-8pttyardm-nicholas-kirwans-projects.vercel.app","dpl_2u2xnW38eyzzk5xaJRwpYD32hofE",5,"iad1",170,2048,"","prj_vzDqzUy8vbtGgTYmqMKjOWC9LLFD","","","01K3M3S41HTJ8YYBD4SA8QNWY9","4L7zkBj370Ac",1
"2025-08-26 21:15:36",1756242936019,"proofofputt-backend-8pttyardm-nicholas-kirwans-projects.vercel.app/","GET","",200,"hxt24-1756242935749-24c6c9fd3e39","vercel-screenshot/1.0","info","production","main","","lambda","/api.py","proofofputt-backend-8pttyardm-nicholas-kirwans-projects.vercel.app","proofofputt-backend-8pttyardm-nicholas-kirwans-projects.vercel.app","dpl_2u2xnW38eyzzk5xaJRwpYD32hofE",6,"iad1",170,2048,"","prj_vzDqzUy8vbtGgTYmqMKjOWC9LLFD","","","01K3M3S06KV57GF0GC2PNET3XH","0mzDh4L4wZcj",1
"2025-08-26 21:15:36",1756242936017,"proofofputt-backend-8pttyardm-nicholas-kirwans-projects.vercel.app/","GET","",200,"rr9gl-1756242935751-ed7f535a5781","vercel-screenshot/1.0","info","production","main","","lambda","/api.py","proofofputt-backend-8pttyardm-nicholas-kirwans-projects.vercel.app","proofofputt-backend-8pttyardm-nicholas-kirwans-projects.vercel.app","dpl_2u2xnW38eyzzk5xaJRwpYD32hofE",6,"iad1",170,2048,"","prj_vzDqzUy8vbtGgTYmqMKjOWC9LLFD","","","01K3M3S06H04R8A12KG01C280N","bCD6myOhoCje",1
"2025-08-26 21:09:58",1756242598046,"proofofputt-backend.vercel.app/login","POST","",-1,"972dx-1756242598006-1c15789a354b","Mozilla/5.0 (Macintosh; Intel Mac OS X 10_15_7) AppleWebKit/537.36 (KHTML, like Gecko) Chrome/139.0.0.0 Safari/537.36","info","production","main","","lambda","/api.py","proofofputt-backend.vercel.app","proofofputt-backend.vercel.app","dpl_5NSydBF4YeEAPFYN5s5h7pXtXFGN",-1,"iad1",-1,-1,"127.0.0.1 - - [26/Aug/2025 21:09:58] ""POST /login HTTP/1.1"" 500 -","prj_vzDqzUy8vbtGgTYmqMKjOWC9LLFD","","","01K3M3EP4FP5Z3XNPHB0JRG81Q","",-1
"2025-08-26 21:09:58",1756242598046,"proofofputt-backend.vercel.app/login","POST","",-1,"972dx-1756242598006-1c15789a354b","Mozilla/5.0 (Macintosh; Intel Mac OS X 10_15_7) AppleWebKit/537.36 (KHTML, like Gecko) Chrome/139.0.0.0 Safari/537.36","error","production","main","","lambda","/api.py","proofofputt-backend.vercel.app","proofofputt-backend.vercel.app","dpl_5NSydBF4YeEAPFYN5s5h7pXtXFGN",-1,"iad1",-1,-1,"ERROR:api:Login failed: module 'data_manager' has no attribute 'login_with_email_password'","prj_vzDqzUy8vbtGgTYmqMKjOWC9LLFD","","","01K3M3EP4FP5Z3XNPHB0JRG81Q","",-1
"2025-08-26 21:09:58",1756242598046,"proofofputt-backend.vercel.app/login","POST","",-1,"972dx-1756242598006-1c15789a354b","Mozilla/5.0 (Macintosh; Intel Mac OS X 10_15_7) AppleWebKit/537.36 (KHTML, like Gecko) Chrome/139.0.0.0 Safari/537.36","info","production","main","","lambda","/api.py","proofofputt-backend.vercel.app","proofofputt-backend.vercel.app","dpl_5NSydBF4YeEAPFYN5s5h7pXtXFGN",-1,"iad1",-1,-1,"AttributeError: module 'data_manager' has no attribute 'login_with_email_password'","prj_vzDqzUy8vbtGgTYmqMKjOWC9LLFD","","","01K3M3EP4FP5Z3XNPHB0JRG81Q","",-1
"2025-08-26 21:09:58",1756242598046,"proofofputt-backend.vercel.app/login","POST","",-1,"972dx-1756242598006-1c15789a354b","Mozilla/5.0 (Macintosh; Intel Mac OS X 10_15_7) AppleWebKit/537.36 (KHTML, like Gecko) Chrome/139.0.0.0 Safari/537.36","info","production","main","","lambda","/api.py","proofofputt-backend.vercel.app","proofofputt-backend.vercel.app","dpl_5NSydBF4YeEAPFYN5s5h7pXtXFGN",-1,"iad1",-1,-1,"File ""/var/task/api.py"", line 72, in login
    player_id, player_name, player_email, stats, sessions, timezone, subscription_status = data_manager.login_with_email_password(email, password)
                                                                                           ^^^^^^^^^^^^^^^^^^^^^^^^^^^^^^^^^^^^^^","prj_vzDqzUy8vbtGgTYmqMKjOWC9LLFD","","","01K3M3EP4FP5Z3XNPHB0JRG81Q","",-1
"2025-08-26 21:09:58",1756242598046,"proofofputt-backend.vercel.app/login","POST","",-1,"972dx-1756242598006-1c15789a354b","Mozilla/5.0 (Macintosh; Intel Mac OS X 10_15_7) AppleWebKit/537.36 (KHTML, like Gecko) Chrome/139.0.0.0 Safari/537.36","info","production","main","","lambda","/api.py","proofofputt-backend.vercel.app","proofofputt-backend.vercel.app","dpl_5NSydBF4YeEAPFYN5s5h7pXtXFGN",-1,"iad1",-1,-1,"Traceback (most recent call last):","prj_vzDqzUy8vbtGgTYmqMKjOWC9LLFD","","","01K3M3EP4FP5Z3XNPHB0JRG81Q","",-1
"2025-08-26 21:09:58",1756242598031,"proofofputt-backend.vercel.app/login","POST","",500,"972dx-1756242598006-1c15789a354b","Mozilla/5.0 (Macintosh; Intel Mac OS X 10_15_7) AppleWebKit/537.36 (KHTML, like Gecko) Chrome/139.0.0.0 Safari/537.36","error","production","main","","lambda","/api.py","proofofputt-backend.vercel.app","proofofputt-backend.vercel.app","dpl_5NSydBF4YeEAPFYN5s5h7pXtXFGN",6,"iad1",172,2048,"","prj_vzDqzUy8vbtGgTYmqMKjOWC9LLFD","","","01K3M3EP4FP5Z3XNPHB0JRG81Q","BlsqBq4jgoGL",1
"2025-08-26 21:09:57",1756242597963,"proofofputt-backend.vercel.app/login","OPTIONS","",-1,"hlrct-1756242597810-2881adb7df5b","Mozilla/5.0 (Macintosh; Intel Mac OS X 10_15_7) AppleWebKit/537.36 (KHTML, like Gecko) Chrome/139.0.0.0 Safari/537.36","info","production","main","","lambda","/api.py","proofofputt-backend.vercel.app","proofofputt-backend.vercel.app","dpl_5NSydBF4YeEAPFYN5s5h7pXtXFGN",-1,"iad1",-1,-1,"127.0.0.1 - - [26/Aug/2025 21:09:57] ""OPTIONS /login HTTP/1.1"" 200 -","prj_vzDqzUy8vbtGgTYmqMKjOWC9LLFD","","","01K3M3EP1SYE8ETEK5A84JYK2S","",-1
"2025-08-26 21:09:57",1756242597945,"proofofputt-backend.vercel.app/login","OPTIONS","",200,"hlrct-1756242597810-2881adb7df5b","Mozilla/5.0 (Macintosh; Intel Mac OS X 10_15_7) AppleWebKit/537.36 (KHTML, like Gecko) Chrome/139.0.0.0 Safari/537.36","info","production","main","","lambda","/api.py","proofofputt-backend.vercel.app","proofofputt-backend.vercel.app","dpl_5NSydBF4YeEAPFYN5s5h7pXtXFGN",5,"iad1",172,2048,"","prj_vzDqzUy8vbtGgTYmqMKjOWC9LLFD","","","01K3M3EP1SYE8ETEK5A84JYK2S","BlsqBq4jgoGL",1
"2025-08-26 21:09:05",1756242545002,"proofofputt-backend-8u2918rxc-nicholas-kirwans-projects.vercel.app/favicon.png","GET","",-1,"cx7wn-1756242544941-678355e020eb","vercel-favicon/1.0","info","production","main","","lambda","/api.py","proofofputt-backend-8u2918rxc-nicholas-kirwans-projects.vercel.app","proofofputt-backend-8u2918rxc-nicholas-kirwans-projects.vercel.app","dpl_5NSydBF4YeEAPFYN5s5h7pXtXFGN",-1,"iad1",-1,-1,"127.0.0.1 - - [26/Aug/2025 21:09:05] ""GET /favicon.png HTTP/1.1"" 500 -","prj_vzDqzUy8vbtGgTYmqMKjOWC9LLFD","","","01K3M3D2AWASF76P175SJ59GQ1","",-1
"2025-08-26 21:09:05",1756242545002,"proofofputt-backend-8u2918rxc-nicholas-kirwans-projects.vercel.app/favicon.png","GET","",-1,"cx7wn-1756242544941-678355e020eb","vercel-favicon/1.0","error","production","main","","lambda","/api.py","proofofputt-backend-8u2918rxc-nicholas-kirwans-projects.vercel.app","proofofputt-backend-8u2918rxc-nicholas-kirwans-projects.vercel.app","dpl_5NSydBF4YeEAPFYN5s5h7pXtXFGN",-1,"iad1",-1,-1,"ERROR:api:An unexpected server error occurred: 404 Not Found: The requested URL was not found on the server. If you entered the URL manually please check your spelling and try again.","prj_vzDqzUy8vbtGgTYmqMKjOWC9LLFD","","","01K3M3D2AWASF76P175SJ59GQ1","",-1
"2025-08-26 21:09:05",1756242545002,"proofofputt-backend-8u2918rxc-nicholas-kirwans-projects.vercel.app/favicon.png","GET","",-1,"cx7wn-1756242544941-678355e020eb","vercel-favicon/1.0","info","production","main","","lambda","/api.py","proofofputt-backend-8u2918rxc-nicholas-kirwans-projects.vercel.app","proofofputt-backend-8u2918rxc-nicholas-kirwans-projects.vercel.app","dpl_5NSydBF4YeEAPFYN5s5h7pXtXFGN",-1,"iad1",-1,-1,"werkzeug.exceptions.NotFound: 404 Not Found: The requested URL was not found on the server. If you entered the URL manually please check your spelling and try again.","prj_vzDqzUy8vbtGgTYmqMKjOWC9LLFD","","","01K3M3D2AWASF76P175SJ59GQ1","",-1
"2025-08-26 21:09:05",1756242545001,"proofofputt-backend-8u2918rxc-nicholas-kirwans-projects.vercel.app/favicon.png","GET","",-1,"cx7wn-1756242544941-678355e020eb","vercel-favicon/1.0","info","production","main","","lambda","/api.py","proofofputt-backend-8u2918rxc-nicholas-kirwans-projects.vercel.app","proofofputt-backend-8u2918rxc-nicholas-kirwans-projects.vercel.app","dpl_5NSydBF4YeEAPFYN5s5h7pXtXFGN",-1,"iad1",-1,-1,"File ""/var/task/werkzeug/routing/map.py"", line 629, in match
    raise NotFound() from None","prj_vzDqzUy8vbtGgTYmqMKjOWC9LLFD","","","01K3M3D2AWASF76P175SJ59GQ1","",-1
"2025-08-26 21:09:05",1756242545001,"proofofputt-backend-8u2918rxc-nicholas-kirwans-projects.vercel.app/favicon.png","GET","",-1,"cx7wn-1756242544941-678355e020eb","vercel-favicon/1.0","info","production","main","","lambda","/api.py","proofofputt-backend-8u2918rxc-nicholas-kirwans-projects.vercel.app","proofofputt-backend-8u2918rxc-nicholas-kirwans-projects.vercel.app","dpl_5NSydBF4YeEAPFYN5s5h7pXtXFGN",-1,"iad1",-1,-1,"File ""/var/task/flask/ctx.py"", line 362, in match_request
    result = self.url_adapter.match(return_rule=True)  # type: ignore
             ^^^^^^^^^^^^^^^^^^^^^^^^^^^^^^^^^^^^^^^^","prj_vzDqzUy8vbtGgTYmqMKjOWC9LLFD","","","01K3M3D2AWASF76P175SJ59GQ1","",-1
"2025-08-26 21:09:05",1756242545001,"proofofputt-backend-8u2918rxc-nicholas-kirwans-projects.vercel.app/favicon.png","GET","",-1,"cx7wn-1756242544941-678355e020eb","vercel-favicon/1.0","info","production","main","","lambda","/api.py","proofofputt-backend-8u2918rxc-nicholas-kirwans-projects.vercel.app","proofofputt-backend-8u2918rxc-nicholas-kirwans-projects.vercel.app","dpl_5NSydBF4YeEAPFYN5s5h7pXtXFGN",-1,"iad1",-1,-1,"File ""/var/task/flask/app.py"", line 500, in raise_routing_exception
    raise request.routing_exception  # type: ignore[misc]
    ^^^^^^^^^^^^^^^^^^^^^^^^^^^^^^^","prj_vzDqzUy8vbtGgTYmqMKjOWC9LLFD","","","01K3M3D2AWASF76P175SJ59GQ1","",-1
"2025-08-26 21:09:05",1756242545001,"proofofputt-backend-8u2918rxc-nicholas-kirwans-projects.vercel.app/favicon.png","GET","",-1,"cx7wn-1756242544941-678355e020eb","vercel-favicon/1.0","info","production","main","","lambda","/api.py","proofofputt-backend-8u2918rxc-nicholas-kirwans-projects.vercel.app","proofofputt-backend-8u2918rxc-nicholas-kirwans-projects.vercel.app","dpl_5NSydBF4YeEAPFYN5s5h7pXtXFGN",-1,"iad1",-1,-1,"File ""/var/task/flask/app.py"", line 891, in dispatch_request
    self.raise_routing_exception(req)","prj_vzDqzUy8vbtGgTYmqMKjOWC9LLFD","","","01K3M3D2AWASF76P175SJ59GQ1","",-1
"2025-08-26 21:09:05",1756242545001,"proofofputt-backend-8u2918rxc-nicholas-kirwans-projects.vercel.app/favicon.png","GET","",-1,"cx7wn-1756242544941-678355e020eb","vercel-favicon/1.0","info","production","main","","lambda","/api.py","proofofputt-backend-8u2918rxc-nicholas-kirwans-projects.vercel.app","proofofputt-backend-8u2918rxc-nicholas-kirwans-projects.vercel.app","dpl_5NSydBF4YeEAPFYN5s5h7pXtXFGN",-1,"iad1",-1,-1,"File ""/var/task/flask/app.py"", line 917, in full_dispatch_request
    rv = self.dispatch_request()
         ^^^^^^^^^^^^^^^^^^^^^^^","prj_vzDqzUy8vbtGgTYmqMKjOWC9LLFD","","","01K3M3D2AWASF76P175SJ59GQ1","",-1
"2025-08-26 21:09:05",1756242545001,"proofofputt-backend-8u2918rxc-nicholas-kirwans-projects.vercel.app/favicon.png","GET","",-1,"cx7wn-1756242544941-678355e020eb","vercel-favicon/1.0","info","production","main","","lambda","/api.py","proofofputt-backend-8u2918rxc-nicholas-kirwans-projects.vercel.app","proofofputt-backend-8u2918rxc-nicholas-kirwans-projects.vercel.app","dpl_5NSydBF4YeEAPFYN5s5h7pXtXFGN",-1,"iad1",-1,-1,"Traceback (most recent call last):","prj_vzDqzUy8vbtGgTYmqMKjOWC9LLFD","","","01K3M3D2AWASF76P175SJ59GQ1","",-1
"2025-08-26 21:09:04",1756242544988,"proofofputt-backend-8u2918rxc-nicholas-kirwans-projects.vercel.app/favicon.png","GET","",500,"cx7wn-1756242544941-678355e020eb","vercel-favicon/1.0","error","production","main","","lambda","/api.py","proofofputt-backend-8u2918rxc-nicholas-kirwans-projects.vercel.app","proofofputt-backend-8u2918rxc-nicholas-kirwans-projects.vercel.app","dpl_5NSydBF4YeEAPFYN5s5h7pXtXFGN",5,"iad1",172,2048,"","prj_vzDqzUy8vbtGgTYmqMKjOWC9LLFD","","","01K3M3D2AWASF76P175SJ59GQ1","BlsqBq4jgoGL",1
"2025-08-26 21:09:02",1756242542835,"proofofputt-backend-8u2918rxc-nicholas-kirwans-projects.vercel.app/favicon.png","GET","",-1,"kwr75-1756242542684-0551ab79c66e","vercel-favicon/1.0","info","production","main","","lambda","/api.py","proofofputt-backend-8u2918rxc-nicholas-kirwans-projects.vercel.app","proofofputt-backend-8u2918rxc-nicholas-kirwans-projects.vercel.app","dpl_5NSydBF4YeEAPFYN5s5h7pXtXFGN",-1,"iad1",-1,-1,"127.0.0.1 - - [26/Aug/2025 21:09:02] ""GET /favicon.png HTTP/1.1"" 500 -","prj_vzDqzUy8vbtGgTYmqMKjOWC9LLFD","","","01K3M3D072WP1GQ8YJH9P8JSTK","",-1
"2025-08-26 21:09:02",1756242542835,"proofofputt-backend-8u2918rxc-nicholas-kirwans-projects.vercel.app/favicon.png","GET","",-1,"kwr75-1756242542684-0551ab79c66e","vercel-favicon/1.0","error","production","main","","lambda","/api.py","proofofputt-backend-8u2918rxc-nicholas-kirwans-projects.vercel.app","proofofputt-backend-8u2918rxc-nicholas-kirwans-projects.vercel.app","dpl_5NSydBF4YeEAPFYN5s5h7pXtXFGN",-1,"iad1",-1,-1,"ERROR:api:An unexpected server error occurred: 404 Not Found: The requested URL was not found on the server. If you entered the URL manually please check your spelling and try again.","prj_vzDqzUy8vbtGgTYmqMKjOWC9LLFD","","","01K3M3D072WP1GQ8YJH9P8JSTK","",-1
"2025-08-26 21:09:02",1756242542835,"proofofputt-backend-8u2918rxc-nicholas-kirwans-projects.vercel.app/favicon.png","GET","",-1,"kwr75-1756242542684-0551ab79c66e","vercel-favicon/1.0","info","production","main","","lambda","/api.py","proofofputt-backend-8u2918rxc-nicholas-kirwans-projects.vercel.app","proofofputt-backend-8u2918rxc-nicholas-kirwans-projects.vercel.app","dpl_5NSydBF4YeEAPFYN5s5h7pXtXFGN",-1,"iad1",-1,-1,"werkzeug.exceptions.NotFound: 404 Not Found: The requested URL was not found on the server. If you entered the URL manually please check your spelling and try again.","prj_vzDqzUy8vbtGgTYmqMKjOWC9LLFD","","","01K3M3D072WP1GQ8YJH9P8JSTK","",-1
"2025-08-26 21:09:02",1756242542835,"proofofputt-backend-8u2918rxc-nicholas-kirwans-projects.vercel.app/favicon.png","GET","",-1,"kwr75-1756242542684-0551ab79c66e","vercel-favicon/1.0","info","production","main","","lambda","/api.py","proofofputt-backend-8u2918rxc-nicholas-kirwans-projects.vercel.app","proofofputt-backend-8u2918rxc-nicholas-kirwans-projects.vercel.app","dpl_5NSydBF4YeEAPFYN5s5h7pXtXFGN",-1,"iad1",-1,-1,"File ""/var/task/werkzeug/routing/map.py"", line 629, in match
    raise NotFound() from None","prj_vzDqzUy8vbtGgTYmqMKjOWC9LLFD","","","01K3M3D072WP1GQ8YJH9P8JSTK","",-1
"2025-08-26 21:09:02",1756242542835,"proofofputt-backend-8u2918rxc-nicholas-kirwans-projects.vercel.app/favicon.png","GET","",-1,"kwr75-1756242542684-0551ab79c66e","vercel-favicon/1.0","info","production","main","","lambda","/api.py","proofofputt-backend-8u2918rxc-nicholas-kirwans-projects.vercel.app","proofofputt-backend-8u2918rxc-nicholas-kirwans-projects.vercel.app","dpl_5NSydBF4YeEAPFYN5s5h7pXtXFGN",-1,"iad1",-1,-1,"File ""/var/task/flask/ctx.py"", line 362, in match_request
    result = self.url_adapter.match(return_rule=True)  # type: ignore
             ^^^^^^^^^^^^^^^^^^^^^^^^^^^^^^^^^^^^^^^^","prj_vzDqzUy8vbtGgTYmqMKjOWC9LLFD","","","01K3M3D072WP1GQ8YJH9P8JSTK","",-1
"2025-08-26 21:09:02",1756242542835,"proofofputt-backend-8u2918rxc-nicholas-kirwans-projects.vercel.app/favicon.png","GET","",-1,"kwr75-1756242542684-0551ab79c66e","vercel-favicon/1.0","info","production","main","","lambda","/api.py","proofofputt-backend-8u2918rxc-nicholas-kirwans-projects.vercel.app","proofofputt-backend-8u2918rxc-nicholas-kirwans-projects.vercel.app","dpl_5NSydBF4YeEAPFYN5s5h7pXtXFGN",-1,"iad1",-1,-1,"File ""/var/task/flask/app.py"", line 500, in raise_routing_exception
    raise request.routing_exception  # type: ignore[misc]
    ^^^^^^^^^^^^^^^^^^^^^^^^^^^^^^^","prj_vzDqzUy8vbtGgTYmqMKjOWC9LLFD","","","01K3M3D072WP1GQ8YJH9P8JSTK","",-1
"2025-08-26 21:09:02",1756242542835,"proofofputt-backend-8u2918rxc-nicholas-kirwans-projects.vercel.app/favicon.png","GET","",-1,"kwr75-1756242542684-0551ab79c66e","vercel-favicon/1.0","info","production","main","","lambda","/api.py","proofofputt-backend-8u2918rxc-nicholas-kirwans-projects.vercel.app","proofofputt-backend-8u2918rxc-nicholas-kirwans-projects.vercel.app","dpl_5NSydBF4YeEAPFYN5s5h7pXtXFGN",-1,"iad1",-1,-1,"File ""/var/task/flask/app.py"", line 891, in dispatch_request
    self.raise_routing_exception(req)","prj_vzDqzUy8vbtGgTYmqMKjOWC9LLFD","","","01K3M3D072WP1GQ8YJH9P8JSTK","",-1
"2025-08-26 21:09:02",1756242542835,"proofofputt-backend-8u2918rxc-nicholas-kirwans-projects.vercel.app/favicon.png","GET","",-1,"kwr75-1756242542684-0551ab79c66e","vercel-favicon/1.0","info","production","main","","lambda","/api.py","proofofputt-backend-8u2918rxc-nicholas-kirwans-projects.vercel.app","proofofputt-backend-8u2918rxc-nicholas-kirwans-projects.vercel.app","dpl_5NSydBF4YeEAPFYN5s5h7pXtXFGN",-1,"iad1",-1,-1,"File ""/var/task/flask/app.py"", line 917, in full_dispatch_request
    rv = self.dispatch_request()
         ^^^^^^^^^^^^^^^^^^^^^^^","prj_vzDqzUy8vbtGgTYmqMKjOWC9LLFD","","","01K3M3D072WP1GQ8YJH9P8JSTK","",-1
"2025-08-26 21:09:02",1756242542834,"proofofputt-backend-8u2918rxc-nicholas-kirwans-projects.vercel.app/favicon.png","GET","",-1,"kwr75-1756242542684-0551ab79c66e","vercel-favicon/1.0","info","production","main","","lambda","/api.py","proofofputt-backend-8u2918rxc-nicholas-kirwans-projects.vercel.app","proofofputt-backend-8u2918rxc-nicholas-kirwans-projects.vercel.app","dpl_5NSydBF4YeEAPFYN5s5h7pXtXFGN",-1,"iad1",-1,-1,"Traceback (most recent call last):","prj_vzDqzUy8vbtGgTYmqMKjOWC9LLFD","","","01K3M3D072WP1GQ8YJH9P8JSTK","",-1
"2025-08-26 21:09:02",1756242542818,"proofofputt-backend-8u2918rxc-nicholas-kirwans-projects.vercel.app/favicon.png","GET","",500,"kwr75-1756242542684-0551ab79c66e","vercel-favicon/1.0","error","production","main","","lambda","/api.py","proofofputt-backend-8u2918rxc-nicholas-kirwans-projects.vercel.app","proofofputt-backend-8u2918rxc-nicholas-kirwans-projects.vercel.app","dpl_5NSydBF4YeEAPFYN5s5h7pXtXFGN",5,"iad1",172,2048,"","prj_vzDqzUy8vbtGgTYmqMKjOWC9LLFD","","","01K3M3D072WP1GQ8YJH9P8JSTK","BlsqBq4jgoGL",1
"2025-08-26 21:09:01",1756242541551,"proofofputt-backend-8u2918rxc-nicholas-kirwans-projects.vercel.app/favicon.png","GET","",-1,"gr5wg-1756242541482-fb0c4e520d87","vercel-favicon/1.0","info","production","main","","lambda","/api.py","proofofputt-backend-8u2918rxc-nicholas-kirwans-projects.vercel.app","proofofputt-backend-8u2918rxc-nicholas-kirwans-projects.vercel.app","dpl_5NSydBF4YeEAPFYN5s5h7pXtXFGN",-1,"iad1",-1,-1,"127.0.0.1 - - [26/Aug/2025 21:09:01] ""GET /favicon.png HTTP/1.1"" 500 -","prj_vzDqzUy8vbtGgTYmqMKjOWC9LLFD","","","01K3M3CYYQMVG6FVVCV9PNKTT6","",-1
"2025-08-26 21:09:01",1756242541551,"proofofputt-backend-8u2918rxc-nicholas-kirwans-projects.vercel.app/favicon.png","GET","",-1,"gr5wg-1756242541482-fb0c4e520d87","vercel-favicon/1.0","error","production","main","","lambda","/api.py","proofofputt-backend-8u2918rxc-nicholas-kirwans-projects.vercel.app","proofofputt-backend-8u2918rxc-nicholas-kirwans-projects.vercel.app","dpl_5NSydBF4YeEAPFYN5s5h7pXtXFGN",-1,"iad1",-1,-1,"ERROR:api:An unexpected server error occurred: 404 Not Found: The requested URL was not found on the server. If you entered the URL manually please check your spelling and try again.","prj_vzDqzUy8vbtGgTYmqMKjOWC9LLFD","","","01K3M3CYYQMVG6FVVCV9PNKTT6","",-1
"2025-08-26 21:09:01",1756242541551,"proofofputt-backend-8u2918rxc-nicholas-kirwans-projects.vercel.app/favicon.png","GET","",-1,"gr5wg-1756242541482-fb0c4e520d87","vercel-favicon/1.0","info","production","main","","lambda","/api.py","proofofputt-backend-8u2918rxc-nicholas-kirwans-projects.vercel.app","proofofputt-backend-8u2918rxc-nicholas-kirwans-projects.vercel.app","dpl_5NSydBF4YeEAPFYN5s5h7pXtXFGN",-1,"iad1",-1,-1,"werkzeug.exceptions.NotFound: 404 Not Found: The requested URL was not found on the server. If you entered the URL manually please check your spelling and try again.","prj_vzDqzUy8vbtGgTYmqMKjOWC9LLFD","","","01K3M3CYYQMVG6FVVCV9PNKTT6","",-1
"2025-08-26 21:09:01",1756242541551,"proofofputt-backend-8u2918rxc-nicholas-kirwans-projects.vercel.app/favicon.png","GET","",-1,"gr5wg-1756242541482-fb0c4e520d87","vercel-favicon/1.0","info","production","main","","lambda","/api.py","proofofputt-backend-8u2918rxc-nicholas-kirwans-projects.vercel.app","proofofputt-backend-8u2918rxc-nicholas-kirwans-projects.vercel.app","dpl_5NSydBF4YeEAPFYN5s5h7pXtXFGN",-1,"iad1",-1,-1,"File ""/var/task/werkzeug/routing/map.py"", line 629, in match
    raise NotFound() from None","prj_vzDqzUy8vbtGgTYmqMKjOWC9LLFD","","","01K3M3CYYQMVG6FVVCV9PNKTT6","",-1
"2025-08-26 21:09:01",1756242541551,"proofofputt-backend-8u2918rxc-nicholas-kirwans-projects.vercel.app/favicon.png","GET","",-1,"gr5wg-1756242541482-fb0c4e520d87","vercel-favicon/1.0","info","production","main","","lambda","/api.py","proofofputt-backend-8u2918rxc-nicholas-kirwans-projects.vercel.app","proofofputt-backend-8u2918rxc-nicholas-kirwans-projects.vercel.app","dpl_5NSydBF4YeEAPFYN5s5h7pXtXFGN",-1,"iad1",-1,-1,"File ""/var/task/flask/ctx.py"", line 362, in match_request
    result = self.url_adapter.match(return_rule=True)  # type: ignore
             ^^^^^^^^^^^^^^^^^^^^^^^^^^^^^^^^^^^^^^^^","prj_vzDqzUy8vbtGgTYmqMKjOWC9LLFD","","","01K3M3CYYQMVG6FVVCV9PNKTT6","",-1
"2025-08-26 21:09:01",1756242541551,"proofofputt-backend-8u2918rxc-nicholas-kirwans-projects.vercel.app/favicon.png","GET","",-1,"gr5wg-1756242541482-fb0c4e520d87","vercel-favicon/1.0","info","production","main","","lambda","/api.py","proofofputt-backend-8u2918rxc-nicholas-kirwans-projects.vercel.app","proofofputt-backend-8u2918rxc-nicholas-kirwans-projects.vercel.app","dpl_5NSydBF4YeEAPFYN5s5h7pXtXFGN",-1,"iad1",-1,-1,"File ""/var/task/flask/app.py"", line 500, in raise_routing_exception
    raise request.routing_exception  # type: ignore[misc]
    ^^^^^^^^^^^^^^^^^^^^^^^^^^^^^^^","prj_vzDqzUy8vbtGgTYmqMKjOWC9LLFD","","","01K3M3CYYQMVG6FVVCV9PNKTT6","",-1
"2025-08-26 21:09:01",1756242541551,"proofofputt-backend-8u2918rxc-nicholas-kirwans-projects.vercel.app/favicon.png","GET","",-1,"gr5wg-1756242541482-fb0c4e520d87","vercel-favicon/1.0","info","production","main","","lambda","/api.py","proofofputt-backend-8u2918rxc-nicholas-kirwans-projects.vercel.app","proofofputt-backend-8u2918rxc-nicholas-kirwans-projects.vercel.app","dpl_5NSydBF4YeEAPFYN5s5h7pXtXFGN",-1,"iad1",-1,-1,"File ""/var/task/flask/app.py"", line 891, in dispatch_request
    self.raise_routing_exception(req)","prj_vzDqzUy8vbtGgTYmqMKjOWC9LLFD","","","01K3M3CYYQMVG6FVVCV9PNKTT6","",-1
"2025-08-26 21:09:01",1756242541551,"proofofputt-backend-8u2918rxc-nicholas-kirwans-projects.vercel.app/favicon.png","GET","",-1,"gr5wg-1756242541482-fb0c4e520d87","vercel-favicon/1.0","info","production","main","","lambda","/api.py","proofofputt-backend-8u2918rxc-nicholas-kirwans-projects.vercel.app","proofofputt-backend-8u2918rxc-nicholas-kirwans-projects.vercel.app","dpl_5NSydBF4YeEAPFYN5s5h7pXtXFGN",-1,"iad1",-1,-1,"File ""/var/task/flask/app.py"", line 917, in full_dispatch_request
    rv = self.dispatch_request()
         ^^^^^^^^^^^^^^^^^^^^^^^","prj_vzDqzUy8vbtGgTYmqMKjOWC9LLFD","","","01K3M3CYYQMVG6FVVCV9PNKTT6","",-1
"2025-08-26 21:09:01",1756242541551,"proofofputt-backend-8u2918rxc-nicholas-kirwans-projects.vercel.app/favicon.png","GET","",-1,"gr5wg-1756242541482-fb0c4e520d87","vercel-favicon/1.0","info","production","main","","lambda","/api.py","proofofputt-backend-8u2918rxc-nicholas-kirwans-projects.vercel.app","proofofputt-backend-8u2918rxc-nicholas-kirwans-projects.vercel.app","dpl_5NSydBF4YeEAPFYN5s5h7pXtXFGN",-1,"iad1",-1,-1,"Traceback (most recent call last):","prj_vzDqzUy8vbtGgTYmqMKjOWC9LLFD","","","01K3M3CYYQMVG6FVVCV9PNKTT6","",-1
"2025-08-26 21:09:01",1756242541527,"proofofputt-backend-8u2918rxc-nicholas-kirwans-projects.vercel.app/favicon.png","GET","",500,"gr5wg-1756242541482-fb0c4e520d87","vercel-favicon/1.0","error","production","main","","lambda","/api.py","proofofputt-backend-8u2918rxc-nicholas-kirwans-projects.vercel.app","proofofputt-backend-8u2918rxc-nicholas-kirwans-projects.vercel.app","dpl_5NSydBF4YeEAPFYN5s5h7pXtXFGN",7,"iad1",172,2048,"","prj_vzDqzUy8vbtGgTYmqMKjOWC9LLFD","","","01K3M3CYYQMVG6FVVCV9PNKTT6","BlsqBq4jgoGL",1
"2025-08-26 21:09:01",1756242541439,"proofofputt-backend-8u2918rxc-nicholas-kirwans-projects.vercel.app/favicon.ico","GET","",-1,"25rbw-1756242541387-ca46aaf84d43","vercel-favicon/1.0","info","production","main","","lambda","/api.py","proofofputt-backend-8u2918rxc-nicholas-kirwans-projects.vercel.app","proofofputt-backend-8u2918rxc-nicholas-kirwans-projects.vercel.app","dpl_5NSydBF4YeEAPFYN5s5h7pXtXFGN",-1,"iad1",-1,-1,"127.0.0.1 - - [26/Aug/2025 21:09:01] ""GET /favicon.ico HTTP/1.1"" 204 -","prj_vzDqzUy8vbtGgTYmqMKjOWC9LLFD","","","01K3M3CYVGAS37T4M7EA8ZKHNE","",-1
"2025-08-26 21:09:01",1756242541424,"proofofputt-backend-8u2918rxc-nicholas-kirwans-projects.vercel.app/favicon.ico","GET","",204,"25rbw-1756242541387-ca46aaf84d43","vercel-favicon/1.0","info","production","main","","lambda","/api.py","proofofputt-backend-8u2918rxc-nicholas-kirwans-projects.vercel.app","proofofputt-backend-8u2918rxc-nicholas-kirwans-projects.vercel.app","dpl_5NSydBF4YeEAPFYN5s5h7pXtXFGN",4,"iad1",172,2048,"","prj_vzDqzUy8vbtGgTYmqMKjOWC9LLFD","","","01K3M3CYVGAS37T4M7EA8ZKHNE","BlsqBq4jgoGL",1
"2025-08-26 21:09:01",1756242541238,"proofofputt-backend-8u2918rxc-nicholas-kirwans-projects.vercel.app/","GET","",-1,"25rbw-1756242541064-a040d3cb0eca","vercel-favicon/1.0","info","production","main","","lambda","/api.py","proofofputt-backend-8u2918rxc-nicholas-kirwans-projects.vercel.app","proofofputt-backend-8u2918rxc-nicholas-kirwans-projects.vercel.app","dpl_5NSydBF4YeEAPFYN5s5h7pXtXFGN",-1,"iad1",-1,-1,"127.0.0.1 - - [26/Aug/2025 21:09:01] ""GET / HTTP/1.1"" 200 -","prj_vzDqzUy8vbtGgTYmqMKjOWC9LLFD","","","01K3M3CYMT015455G0S0KASRBD","",-1
"2025-08-26 21:09:01",1756242541210,"proofofputt-backend-8u2918rxc-nicholas-kirwans-projects.vercel.app/","GET","",200,"25rbw-1756242541064-a040d3cb0eca","vercel-favicon/1.0","info","production","main","","lambda","/api.py","proofofputt-backend-8u2918rxc-nicholas-kirwans-projects.vercel.app","proofofputt-backend-8u2918rxc-nicholas-kirwans-projects.vercel.app","dpl_5NSydBF4YeEAPFYN5s5h7pXtXFGN",4,"iad1",171,2048,"","prj_vzDqzUy8vbtGgTYmqMKjOWC9LLFD","","","01K3M3CYMT015455G0S0KASRBD","BlsqBq4jgoGL",1
"2025-08-26 21:07:47",1756242467309,"proofofputt-backend-8u2918rxc-nicholas-kirwans-projects.vercel.app/","GET","",-1,"kfz2r-1756242462485-5af5e523e8bf","vercel-screenshot/1.0","info","production","main","","lambda","/api.py","proofofputt-backend-8u2918rxc-nicholas-kirwans-projects.vercel.app","proofofputt-backend-8u2918rxc-nicholas-kirwans-projects.vercel.app","dpl_5NSydBF4YeEAPFYN5s5h7pXtXFGN",-1,"iad1",-1,-1,"127.0.0.1 - - [26/Aug/2025 21:07:47] ""GET / HTTP/1.1"" 200 -","prj_vzDqzUy8vbtGgTYmqMKjOWC9LLFD","","","01K3M3AHZSTQT1P448BVQSVXSF","",-1
"2025-08-26 21:07:47",1756242467044,"proofofputt-backend-8u2918rxc-nicholas-kirwans-projects.vercel.app/favicon.ico","GET","",-1,"l6j4z-1756242466887-d8522f68c23f","vercel-screenshot/1.0","info","production","main","","lambda","/api.py","proofofputt-backend-8u2918rxc-nicholas-kirwans-projects.vercel.app","proofofputt-backend-8u2918rxc-nicholas-kirwans-projects.vercel.app","dpl_5NSydBF4YeEAPFYN5s5h7pXtXFGN",-1,"iad1",-1,-1,"127.0.0.1 - - [26/Aug/2025 21:07:47] ""GET /favicon.ico HTTP/1.1"" 204 -","prj_vzDqzUy8vbtGgTYmqMKjOWC9LLFD","","","01K3M3AP6JDWWZSZG4A2SQH1JA","",-1
"2025-08-26 21:07:47",1756242467026,"proofofputt-backend-8u2918rxc-nicholas-kirwans-projects.vercel.app/favicon.ico","GET","",204,"l6j4z-1756242466887-d8522f68c23f","vercel-screenshot/1.0","info","production","main","","lambda","/api.py","proofofputt-backend-8u2918rxc-nicholas-kirwans-projects.vercel.app","proofofputt-backend-8u2918rxc-nicholas-kirwans-projects.vercel.app","dpl_5NSydBF4YeEAPFYN5s5h7pXtXFGN",3,"iad1",170,2048,"","prj_vzDqzUy8vbtGgTYmqMKjOWC9LLFD","","","01K3M3AP6JDWWZSZG4A2SQH1JA","aEg0ipU6mbj6",1
"2025-08-26 21:07:46",1756242466790,"proofofputt-backend-8u2918rxc-nicholas-kirwans-projects.vercel.app/favicon.ico","GET","",-1,"k9s8g-1756242466734-0ba5a92a1231","vercel-screenshot/1.0","info","production","main","","lambda","/api.py","proofofputt-backend-8u2918rxc-nicholas-kirwans-projects.vercel.app","proofofputt-backend-8u2918rxc-nicholas-kirwans-projects.vercel.app","dpl_5NSydBF4YeEAPFYN5s5h7pXtXFGN",-1,"iad1",-1,-1,"127.0.0.1 - - [26/Aug/2025 21:07:46] ""GET /favicon.ico HTTP/1.1"" 204 -","prj_vzDqzUy8vbtGgTYmqMKjOWC9LLFD","","","01K3M3ANYPCQGNHTPJX5WSRVFV","",-1
"2025-08-26 21:07:46",1756242466774,"proofofputt-backend-8u2918rxc-nicholas-kirwans-projects.vercel.app/favicon.ico","GET","",204,"k9s8g-1756242466734-0ba5a92a1231","vercel-screenshot/1.0","info","production","main","","lambda","/api.py","proofofputt-backend-8u2918rxc-nicholas-kirwans-projects.vercel.app","proofofputt-backend-8u2918rxc-nicholas-kirwans-projects.vercel.app","dpl_5NSydBF4YeEAPFYN5s5h7pXtXFGN",3,"iad1",170,2048,"","prj_vzDqzUy8vbtGgTYmqMKjOWC9LLFD","","","01K3M3ANYPCQGNHTPJX5WSRVFV","aEg0ipU6mbj6",1
"2025-08-26 21:07:46",1756242466758,"proofofputt-backend-8u2918rxc-nicholas-kirwans-projects.vercel.app/","GET","",-1,"mtmxg-1756242466676-1a67c5ef8937","vercel-screenshot/1.0","info","production","main","","lambda","/api.py","proofofputt-backend-8u2918rxc-nicholas-kirwans-projects.vercel.app","proofofputt-backend-8u2918rxc-nicholas-kirwans-projects.vercel.app","dpl_5NSydBF4YeEAPFYN5s5h7pXtXFGN",-1,"iad1",-1,-1,"127.0.0.1 - - [26/Aug/2025 21:07:46] ""GET / HTTP/1.1"" 200 -","prj_vzDqzUy8vbtGgTYmqMKjOWC9LLFD","","","01K3M3ANXAZTCZTJZRHTZ00438","",-1
"2025-08-26 21:07:46",1756242466730,"proofofputt-backend-8u2918rxc-nicholas-kirwans-projects.vercel.app/","GET","",200,"mtmxg-1756242466676-1a67c5ef8937","vercel-screenshot/1.0","info","production","main","","lambda","/api.py","proofofputt-backend-8u2918rxc-nicholas-kirwans-projects.vercel.app","proofofputt-backend-8u2918rxc-nicholas-kirwans-projects.vercel.app","dpl_5NSydBF4YeEAPFYN5s5h7pXtXFGN",3,"iad1",170,2048,"","prj_vzDqzUy8vbtGgTYmqMKjOWC9LLFD","","","01K3M3ANXAZTCZTJZRHTZ00438","aEg0ipU6mbj6",1
"2025-08-26 21:07:46",1756242466656,"proofofputt-backend-8u2918rxc-nicholas-kirwans-projects.vercel.app/","GET","",-1,"wmfbb-1756242466476-40457bfd583a","vercel-screenshot/1.0","info","production","main","","lambda","/api.py","proofofputt-backend-8u2918rxc-nicholas-kirwans-projects.vercel.app","proofofputt-backend-8u2918rxc-nicholas-kirwans-projects.vercel.app","dpl_5NSydBF4YeEAPFYN5s5h7pXtXFGN",-1,"iad1",-1,-1,"127.0.0.1 - - [26/Aug/2025 21:07:46] ""GET / HTTP/1.1"" 200 -","prj_vzDqzUy8vbtGgTYmqMKjOWC9LLFD","","","01K3M3ANTEN361QS196APQYH6A","",-1
"2025-08-26 21:07:46",1756242466638,"proofofputt-backend-8u2918rxc-nicholas-kirwans-projects.vercel.app/","GET","",200,"wmfbb-1756242466476-40457bfd583a","vercel-screenshot/1.0","info","production","main","","lambda","/api.py","proofofputt-backend-8u2918rxc-nicholas-kirwans-projects.vercel.app","proofofputt-backend-8u2918rxc-nicholas-kirwans-projects.vercel.app","dpl_5NSydBF4YeEAPFYN5s5h7pXtXFGN",3,"iad1",170,2048,"","prj_vzDqzUy8vbtGgTYmqMKjOWC9LLFD","","","01K3M3ANTEN361QS196APQYH6A","aEg0ipU6mbj6",1
"2025-08-26 21:07:46",1756242466487,"proofofputt-backend-8u2918rxc-nicholas-kirwans-projects.vercel.app/","GET","",-1,"kndxt-1756242462405-dcafa1c4f966","vercel-screenshot/1.0","info","production","main","","lambda","/api.py","proofofputt-backend-8u2918rxc-nicholas-kirwans-projects.vercel.app","proofofputt-backend-8u2918rxc-nicholas-kirwans-projects.vercel.app","dpl_5NSydBF4YeEAPFYN5s5h7pXtXFGN",-1,"iad1",-1,-1,"127.0.0.1 - - [26/Aug/2025 21:07:46] ""GET / HTTP/1.1"" 200 -","prj_vzDqzUy8vbtGgTYmqMKjOWC9LLFD","","","01K3M3AHZQ9APBWTDK4G54FSGH","",-1
"2025-08-26 21:07:42",1756242462713,"proofofputt-backend-8u2918rxc-nicholas-kirwans-projects.vercel.app/","GET","",200,"kfz2r-1756242462485-5af5e523e8bf","vercel-screenshot/1.0","info","production","main","","lambda","/api.py","proofofputt-backend-8u2918rxc-nicholas-kirwans-projects.vercel.app","proofofputt-backend-8u2918rxc-nicholas-kirwans-projects.vercel.app","dpl_5NSydBF4YeEAPFYN5s5h7pXtXFGN",6,"iad1",171,2048,"","prj_vzDqzUy8vbtGgTYmqMKjOWC9LLFD","","","01K3M3AHZSTQT1P448BVQSVXSF","BlsqBq4jgoGL",1
"2025-08-26 21:07:42",1756242462711,"proofofputt-backend-8u2918rxc-nicholas-kirwans-projects.vercel.app/","GET","",200,"kndxt-1756242462405-dcafa1c4f966","vercel-screenshot/1.0","info","production","main","","lambda","/api.py","proofofputt-backend-8u2918rxc-nicholas-kirwans-projects.vercel.app","proofofputt-backend-8u2918rxc-nicholas-kirwans-projects.vercel.app","dpl_5NSydBF4YeEAPFYN5s5h7pXtXFGN",4,"iad1",170,2048,"","prj_vzDqzUy8vbtGgTYmqMKjOWC9LLFD","","","01K3M3AHZQ9APBWTDK4G54FSGH","aEg0ipU6mbj6",1
